-- MySQL dump 10.13  Distrib 8.0.16, for Win64 (x86_64)
--
-- Host: localhost    Database: residentes_itsur
-- ------------------------------------------------------
-- Server version	8.0.16

/*!40101 SET @OLD_CHARACTER_SET_CLIENT=@@CHARACTER_SET_CLIENT */;
/*!40101 SET @OLD_CHARACTER_SET_RESULTS=@@CHARACTER_SET_RESULTS */;
/*!40101 SET @OLD_COLLATION_CONNECTION=@@COLLATION_CONNECTION */;
 SET NAMES utf8 ;
/*!40103 SET @OLD_TIME_ZONE=@@TIME_ZONE */;
/*!40103 SET TIME_ZONE='+00:00' */;
/*!40014 SET @OLD_UNIQUE_CHECKS=@@UNIQUE_CHECKS, UNIQUE_CHECKS=0 */;
/*!40014 SET @OLD_FOREIGN_KEY_CHECKS=@@FOREIGN_KEY_CHECKS, FOREIGN_KEY_CHECKS=0 */;
/*!40101 SET @OLD_SQL_MODE=@@SQL_MODE, SQL_MODE='NO_AUTO_VALUE_ON_ZERO' */;
/*!40111 SET @OLD_SQL_NOTES=@@SQL_NOTES, SQL_NOTES=0 */;

--
-- Table structure for table `carreras`
--
create database residentes_itsur;
use residentes_itsur;
DROP TABLE IF EXISTS `carreras`;
/*!40101 SET @saved_cs_client     = @@character_set_client */;
 SET character_set_client = utf8mb4 ;
CREATE TABLE `carreras` (
  `id_carrera` int(11) NOT NULL AUTO_INCREMENT,
  `carrera` varchar(50) NOT NULL,
  PRIMARY KEY (`id_carrera`)
) ENGINE=InnoDB AUTO_INCREMENT=8 DEFAULT CHARSET=utf8mb4 COLLATE=utf8mb4_0900_ai_ci;
/*!40101 SET character_set_client = @saved_cs_client */;

--
-- Dumping data for table `carreras`
--

LOCK TABLES `carreras` WRITE;
/*!40000 ALTER TABLE `carreras` DISABLE KEYS */;
INSERT INTO `carreras` VALUES (1,'Electrónica'),(2,'Gastronomia'),(3,'Sistemas Automotrices'),(4,'Ambiental'),(5,'Industrial'),(6,'Gestion Empresarial'),(7,'Sistemas Computacionales');
/*!40000 ALTER TABLE `carreras` ENABLE KEYS */;
UNLOCK TABLES;

--
-- Table structure for table `ciudades`
--

DROP TABLE IF EXISTS `ciudades`;
/*!40101 SET @saved_cs_client     = @@character_set_client */;
 SET character_set_client = utf8mb4 ;
CREATE TABLE `ciudades` (
  `id_ciudad` int(11) NOT NULL AUTO_INCREMENT,
  `id_estado` int(11) NOT NULL,
  `ciudad` varchar(50) NOT NULL,
  PRIMARY KEY (`id_ciudad`),
  KEY `id_estado` (`id_estado`),
  CONSTRAINT `ciudades_ibfk_1` FOREIGN KEY (`id_estado`) REFERENCES `estados` (`id_estado`)
) ENGINE=InnoDB AUTO_INCREMENT=181 DEFAULT CHARSET=utf8mb4 COLLATE=utf8mb4_0900_ai_ci;
/*!40101 SET character_set_client = @saved_cs_client */;

--
-- Dumping data for table `ciudades`
--

LOCK TABLES `ciudades` WRITE;
/*!40000 ALTER TABLE `ciudades` DISABLE KEYS */;
INSERT INTO `ciudades` VALUES (1,1,'Aguascalientes'),(2,2,'Ensenada'),(3,2,'Mexicali'),(4,2,'Tijuana'),(5,3,'La Paz'),(6,3,'Los Cabos'),(7,4,'Campeche'),(8,4,'Ciudad del Carmen'),(9,5,'Saltillo'),(10,5,'Monclova-Frontera'),(11,5,'La Laguna'),(12,5,'Monclova'),(13,5,'Torreon'),(14,5,'Acuña'),(15,5,'Piedras Negras'),(16,6,'Tecomán'),(17,6,'Colima-Villa de Álvarez'),(18,6,'Manzanillo'),(19,7,'Tuxtla Gutiérrez'),(20,7,'Tapachula'),(21,7,'Ocosingo'),(22,7,'San Cristóbal de las Casas'),(23,7,'Comitán de Domínguez'),(24,8,'Chihuahua'),(25,8,'Juárez'),(26,8,'Cuauhtémoc'),(27,8,'Delicias'),(28,8,'Hidalgo del Parral'),(29,9,'Valle de México'),(30,10,'Durango'),(31,10,'Gómez Palacio'),(32,10,'Lerdoq'),(33,11,'Celaya'),(34,11,'Guanajuato'),(35,11,'Irapuato'),(36,11,'León'),(37,11,'Allende'),(38,11,'Pénjamo'),(39,11,'Silao'),(40,11,'Salvatierra'),(41,11,'Acambaro'),(42,11,'San Luis De La Paz'),(43,11,'Valle de santiago'),(44,11,'La Piedad-Pénjamo'),(45,11,'Dolores Hidalgo'),(46,11,'San Francisco del Rincón'),(47,11,'Salamanca'),(48,12,'Acapulco'),(49,12,'Chilapa de Alvarez'),(50,12,'Taxco de Alarcón'),(51,12,'José Azueta'),(52,12,'Iguala de la Independencia'),(53,12,'Chilpancingo de los Bravo'),(54,13,'Huejutla de Reyes'),(55,13,'Tulancingo de Bravo'),(56,13,'Huejutla de Reyes'),(57,13,'Pachuca de Soto'),(58,14,'Guadalajara'),(59,14,'Ocotlán'),(60,14,'Zapopan'),(61,14,'Tlaquepaque'),(62,14,'Tonalá'),(63,14,'Lagos de Moreno'),(64,14,'Tlajomulco de Zúñiga'),(65,14,'Tepatitlán de Morelos'),(66,14,'Puerto Vallarta'),(67,15,'Toluca'),(68,15,'Ecatepec de Morelos'),(69,15,'Nezahualcóyotl'),(70,15,'Naucalpan de Juárez'),(71,15,'Tlalnepantla de Baz'),(72,15,'Chimalhuacán'),(73,15,'Atizapán de Zaragoza'),(74,15,'Cuautitlán Izcalli'),(75,15,'Tultitlán'),(76,15,'Valle de Chalco Solidaridad'),(77,15,'Ixtapaluca'),(78,15,'Nicolás Romero'),(79,15,'Coacalco de Berriozábal'),(80,15,'Chalco'),(81,15,'La Paz'),(82,15,'Texcoco'),(83,15,'Metepec'),(84,15,'Huixquilucan'),(85,15,'Tecámac'),(86,15,'Zinacantepec'),(87,15,'Ixtlahuaca'),(88,15,'Almoloya de Juárez'),(89,15,'Zumpango'),(90,15,'Lerma'),(91,15,'San Felipe del Progreso'),(92,15,'Tejupilco'),(93,15,'Tultepec'),(94,16,'Zamora-Jacona'),(95,16,'Morelia'),(96,16,'Lázaro Cárdenas'),(97,16,'Zamora'),(98,16,'Apatzingán'),(99,16,'Hidalgo'),(100,16,'Zitácuaro'),(101,16,'Uruapan'),(102,17,'Cuautla'),(103,17,'Jiutepec'),(104,17,'Cuautla'),(105,17,'Temixco'),(106,17,'Cuernavaca'),(107,18,'Tepic'),(108,18,'Cosoleacaque'),(109,18,'Santiago Ixcuintla'),(110,19,'Monterrey'),(111,19,'Guadalupe'),(112,19,'San Nicolás de los Garza'),(113,19,'Apodaca'),(114,19,'General Escobedo'),(115,19,'Santa Catarina'),(116,19,'San Pedro Garza García'),(117,20,'Oaxaca'),(118,20,'Tehuantepec-Salina Cruz'),(119,20,'San Juan Bautista Tuxtepec'),(120,21,'Puebla-Tlaxcala'),(121,21,'Tehuacán'),(122,21,'San Martín Texmelucan'),(123,21,'Atlixco'),(124,21,'San Pedro Cholula'),(125,22,'Querétaro'),(126,22,'San Juan del Río'),(127,23,'Cancún'),(128,23,'Chetumal'),(129,23,'Benito Juárez'),(130,24,'Rioverde-Ciudad Fernández'),(131,24,'San Luis Potosí-Soledad'),(132,24,'Ciudad Valles'),(133,25,'Los Mochis'),(134,25,'Culiacán'),(135,25,'Ahome'),(136,25,'Navolato'),(137,25,'El Fuerte'),(138,25,'Mazatlán'),(139,26,'Ciudad Obregón'),(140,26,'Guaymas'),(141,26,'Cajeme'),(142,26,'Nogales'),(143,26,'Navojoa'),(144,26,'San Luis Río Colorado'),(145,26,'Hermosillo'),(146,27,'Cárdenas'),(147,27,'Villahermosa'),(148,27,'Comalcalco'),(149,27,'Huimanguillo'),(150,27,'Macuspana'),(151,27,'Cunduacán'),(152,28,'Tampico-Pánuco'),(153,28,'Matamoros'),(154,28,'Nuevo Laredo'),(155,28,'Reynosa'),(156,28,'Ciudad Victoria'),(157,28,'Altamira'),(158,28,'El Mante'),(159,28,'Río Bravo'),(160,29,'Tlaxcala-Apizaco'),(161,30,'Veracruz'),(162,30,'Córdoba'),(163,30,'Orizaba'),(164,30,'Xalapa'),(165,30,'Poza Rica'),(166,30,'Coatzacoalcos'),(167,30,'Minatitlán'),(168,30,'Papantla'),(169,30,'San Andrés Tuxtla'),(170,30,'Boca del Río'),(171,30,'Túxpam'),(172,30,'Martínez de la Torre'),(173,30,'Temapache'),(174,30,'Tantoyuca'),(175,30,'Pánuco'),(176,30,'Tierra Blanca'),(177,31,'Mérida'),(178,32,'Zacatecas'),(179,32,'Guadalupe'),(180,32,'Fresnillo');
/*!40000 ALTER TABLE `ciudades` ENABLE KEYS */;
UNLOCK TABLES;

--
-- Table structure for table `empresas`
--

DROP TABLE IF EXISTS `empresas`;
/*!40101 SET @saved_cs_client     = @@character_set_client */;
 SET character_set_client = utf8mb4 ;
CREATE TABLE `empresas` (
  `id_empresa` int(11) NOT NULL AUTO_INCREMENT,
  `nombre` varchar(60) NOT NULL,
  `email` varchar(40) NOT NULL,
  `id_estado` int(11) NOT NULL,
  `id_municipio` int(11) NOT NULL,
  `codigo_postal` int(5) NOT NULL,
  `domicilio` varchar(80) NOT NULL,
  `giro` varchar(30) NOT NULL,
  `sector` enum('Público','Privado') NOT NULL,
  `telefono` varchar(18) NOT NULL,
  `mision` text NOT NULL,
  PRIMARY KEY (`id_empresa`),
  UNIQUE KEY `email_UNIQUE` (`email`),
  KEY `id_estado` (`id_estado`),
  KEY `id_municipio` (`id_municipio`),
  CONSTRAINT `empresas_ibfk_1` FOREIGN KEY (`id_estado`) REFERENCES `estados` (`id_estado`),
  CONSTRAINT `empresas_ibfk_2` FOREIGN KEY (`id_municipio`) REFERENCES `municipios` (`id_municipio`)
) ENGINE=InnoDB AUTO_INCREMENT=205 DEFAULT CHARSET=utf8mb4 COLLATE=utf8mb4_0900_ai_ci;
/*!40101 SET character_set_client = @saved_cs_client */;

--
-- Dumping data for table `empresas`
--

LOCK TABLES `empresas` WRITE;
/*!40000 ALTER TABLE `empresas` DISABLE KEYS */;
INSERT INTO `empresas` VALUES (19,'CECyTEM Plantel 16 Huandacareo','cecytem16@edu.mx',16,814,58821,'El atoron enfrente del balneario el paraiso','Servicios','Público','567 908 4356','eeeeeeeeeeeeeeeeeeerr'),(64,'ITSUR','itsur@edu.mx',11,347,38980,'Av. Educación Superior No. 2000, Colonia: Benito Juárez','Servicios','Público','445 457 7468','dddddddddddddddddddddd'),(65,'(IMPLAN) Instituto Municipal de Planeación de Moroleón ','implanmoroleon@gmail.com',11,338,38800,'Brasil 72, Frac. Modelo','Servicios','Público','445 457 0596','Ser la mejor empresa en México'),(66,'AAM Maquiladora de México S. de R.L. de C.V.','francisco.riveragomez@aam.com',11,355,36100,'AVENIDA COMERCIANTES #1300, PARQUE INDUSTRIAL FIPASI','Servicios','Público','477 722 9500','Ser la mejor empresa en México'),(67,'American Polo de Latinoamerica S.A de C.V','a_polo@live.com.mx',11,338,38800,'CALLE PLAN SEXENAL, #0, COLONIA EL BORDO','Servicios','Público','445 4586 722','Ser la mejor empresa en México'),(68,'AZTEXTIL S.A DE C.V','confeciones_aztk@hotmail.com',11,364,38940,'CALLE DE LOS GRANJENOS, #7','Servicios','Público','445 168 3512','Ser la mejor empresa en México'),(69,'Blitz Software S.A. de C.V.','rmvilla@blitzsoftware.com',9,277,6500,'DURANGO 195, 4TO PISO, ROMA','Servicios','Público','11020725','Ser la mejor empresa en México'),(70,'Caja Popular Cerano S.C. de A.P. de R.L. de C.V.','contacto@cpcerano.com.mx',11,338,38800,'Calle San Miguel 26','Servicios','Público','438 362 3016','Ser la mejor empresa en México'),(71,'Casa Parra de máquinas de coser','casaparra_pipilamoroleon@hotmail.com',11,338,38800,'pipila #124, esquina con jaime nuno y H.colegio militar','Servicios','Público','445 458 4278','Ser la mejor empresa en México'),(72,'CENTRO EMPRESARIAL DE MICHOACAN S.P. COPARMEX','datospersonales@coparmexmich.org.mx',16,831,58254,'Av. Las Cańadas s/n, Tres Marias','Servicios','Público','443 232 7900','Ser la mejor empresa en México'),(73,'CLUSTERTIM','contacto@clustertim.com.mx',16,831,58254,'Av. Las cańadas #501 Tres Marias','Servicios','Público','443 310 9600','Ser la mejor empresa en México'),(74,'Conectividad y Telecomunicaciones S.A. de C.V.','soluciones@contel.com.mx',11,333,36570,'Blvd. Villas de Irapuato #169, Edificio D, Col. Primero de Mayo','Servicios','Público',' 462 623 9034 ','Ser la mejor empresa en México'),(75,'Control Mecánico Digital de Celaya S.A. de C.V.','info@controlmecanicodigital.com',11,324,38040,'Bernini No. 103, Renacimiento','Servicios','Público','461 132 4603','Ser la mejor empresa en México'),(76,'CORPORATIVO NOTIMODA','noticiadeultimamoda@prodigy.ne',11,359,38980,'Calle Aztecas 11, Zona Centro,','Servicios','Público','445 457 0145','Ser la mejor empresa en México'),(77,'DRENC',' drencmexico@dr-enc.com.mx',22,1623,76220,'Manufacturas #622 Parque Industrial Querétaro, Santa Rosa Jáuregui','Servicios','Público','442 193 5616 ','Ser la mejor empresa en México'),(78,'DURR DE MEXICO S.A. DE C.V.','durr.mexico@durr.com.mx',22,1623,76220,'Avenida La Noria 168, Parque Industrial','Servicios','Público',' 442 192 5700','Ser la mejor empresa en México'),(79,'EDUCARE INNOVACION','www.grupoeducare.com',22,1623,76178,'Prol. Av. Zaragoza 58 (93,81 km)','Servicios','Público','461 612 9737','Ser la mejor empresa en México'),(80,'Epochteca S.A. de C.V.','leon@pochteca.com.mx',11,336,37290,'Blvd. José Ma. Morelos No. 3751, Col. Purísima de Jérez','Servicios','Público','442 671 4937','Ser la mejor empresa en México'),(81,'EPPQRO','atencion@eppqro.com',22,1623,76900,'EPPQRO Carr. Huimilpan-Coroneo 68, Sta Barbara 1ra Sección','Servicios','Público','477 718 0018','Ser la mejor empresa en México'),(82,'Fixier S.A de C.V.','fixier@hotmail.com',11,336,37120,'CALLE JOAQUÍN PARDAVÉ, #223, COLONIA CASA BLANCA','Servicios','Público','461 174 5259','Ser la mejor empresa en México'),(83,'FRIOCIMA S.A. DE C.V.','contactofriocima@gmail.com',11,324,38110,'Av.Laurel #211 Fracc.ind El Vergel 2da Fracción de Crespo','Servicios','Público','443 147 8370','Ser la mejor empresa en México'),(84,'Gasomich Corporativo S.A. de C.V.','recursos.humanos@gasomich.com.mx',16,831,58146,'Providencia 5082','Servicios','Público','445 458 1888','Ser la mejor empresa en México'),(85,'Gaytan de Moroleón','ventas@tejidosgaytan.com',11,338,38800,'Calle Pedro Guzmán 26, Zona Centro','Servicios','Público','442 290 3389','Ser la mejor empresa en México'),(86,'GF Comunicación','contacto@gfcom.mx',22,1623,76903,'María Nestora Tellez Rendón No. 644 Colonia Candiles Corregidora','Servicios','Público','461 618 5397','Ser la mejor empresa en México'),(87,'GKN Driveline S.A. de C.V.','lorena.campos@gkndriveline.com',11,324,38110,'Carretera Panamericana Km.284 s/n esq. Av. Aeropuerto 2a Fraccion de Crespo','Servicios','Público','442 225 3202','Ser la mejor empresa en México'),(88,'GORILLAZ LOGISTICS S.DE R.L. DE C.V.','ventas@gorillazlt.com.mx',22,1623,76246,'CUITLAHUAC 33, CUMBRES DE CONIN','Servicios','Público','427 272 2885','Ser la mejor empresa en México'),(89,'Grupo INFINITI','ventas@grupoinfinity.com',22,1625,76806,'Calle Norte Tres No. 18 Col. Nuevo Parque Industrial San Juan del Ri?o','Servicios','Público','477 267 0700','Ser la mejor empresa en México'),(90,'HOTEL & PLAZA STADIUM','contacto@hotelstadium.com.mx',11,336,37510,'Blvd. Adolfo López Mateos Ote. 1702, Col. Parque Manzanares','Servicios','Público','443 322 8000','Ser la mejor empresa en México'),(91,'HOTEL QUALITEL PLUS','reservaciones@qualitel.com.mx',16,831,58000,'Valentín Gómez Farías No. 328','Servicios','Público','477 763 1500','Ser la mejor empresa en México'),(92,'Instituto Tecnológico de Morelia','difusion@itmorelia.edu.mx',16,831,58120,'Avenida Tecnológico 1500','Servicios','Público','443 312 1570','Ser la mejor empresa en México'),(93,'Instituto Tecnológico Superior de Salvatierra','marosas@itess.edu.mx',11,345,38933,' Calle Manuel Gómez Morín 300, Janicho','Servicios','Público','466 663 9800','Ser la mejor empresa en México'),(94,'Jaguar Lab Mobile Developers S.A.P.I. de C.V.','ivon.corona@jaguarlabs.com',14,650,45200,'General Ramon Corona 2455 F Col. La Mojonera','Servicios','Público','445 457 0355','Ser la mejor empresa en México'),(95,'Jardines de la eternidad S.A. de C.V.','contacto@jardinesdelaeternidad.com.mx',11,338,38800,' Calle 16 de Septiembre 58A, Centro','Servicios','Público','427 274 7365','Ser la mejor empresa en México'),(96,'JM TOR PAR','ventas@jmtorpar.com, sales@jmtorpar.com',22,1625,38800,'Norte 2 1, Nuevo Parque Industrial','Servicios','Público','461 598 7811','Ser la mejor empresa en México'),(97,'Kolbenschmidt de México S. de R.L. de C.V.','info@kspg.com',11,324,38110,'Carretera Panamericana Km. 284 2a Fracción de Cresco','Servicios','Público','477 779 4878','Ser la mejor empresa en México'),(98,'KSP TECHNOLOGY','contacto@ksp.com.mx',11,336,37160,'Av. Paseo de los Insurgentes No. 1404 Col. Jardines del Moral','Servicios','Público','442 210 9035','Ser la mejor empresa en México'),(99,'MAPARTEL S.A. DE C.V.','gjacobo@mapartel.com.mx',22,1623,76130,'CALLE NÚMERO 2, #28, Int. 0, FRACCIONAMIENTO INDUSTRIAL BENITO JUAREZ','Servicios','Público','462 626 8626','Ser la mejor empresa en México'),(100,'NHK, Spring, México',' mfcbarcenass@guanajuato.gob.mx',11,333,36810,'Parque Tecnoindustrial Castro del Río Río Danubio No. 845','Servicios','Público','461 598 3515','Ser la mejor empresa en México'),(101,'ONAVITT TERMOPLASTICOS S.A DE C.V.','ventas@onavitt.com.mx',11,324,38110,'Poniente 2 Manzana 10 Lote 1 Ciudad Industrial','Servicios','Público','442 213 4053 ','Ser la mejor empresa en México'),(102,'Open Road Solution S. de R.L. de C.V.','info@e-openroad.com',22,1623,76060,'29, Loma Dorada','Servicios','Público','443 323 1666','Ser la mejor empresa en México'),(103,'Operadora Team S.A. de C.V.','ccenter@team.com',16,831,58200,'EJE NORTE SUR NO. 451, Ciudad Industrial Morelia','Servicios','Público','332 078 4042','Ser la mejor empresa en México'),(104,'ORDERLY S.A.P.I. DE C.V.','hola@orderly.mx',14,569,44648,'Mónaco 2514, Colonia Italia Providenica','Servicios','Público','462 693 7130','Ser la mejor empresa en México'),(105,'Partner Inplant Solutions','luis.avila@partnerinplantsolutions.com',11,333,36620,'Carretera Irapuato Silao 8550','Servicios','Público','477 717 7710','Ser la mejor empresa en México'),(106,'Plasticos Adheribles del Bajio S.A. de C.V.','gcastro@reyma.com.mx',11,336,37490,'Restauradores 102, Ciudad Industrial','Servicios','Público','412 156 3000','Ser la mejor empresa en México'),(107,'PRETTL ELECTRIC DEL BAJIO S.A DE C.V.','yesenia.becerra@prettl.com',11,324,38010,'Celaya-Dolores Hidalgo 129','Servicios','Público','445 458 5481','Ser la mejor empresa en México'),(108,'Priscila Seamless','ventaspriscila90@gmail.com',11,359,38980,'Av. Salvador Urrutia 35, Zona Centro','Servicios','Público','461 165 8612','Ser la mejor empresa en México'),(109,'Radar Servicios Celaya S. de R.L. de C.V.','sales@radarind.com',11,324,38110,'Carretera Celaya Rincón Tamayo Km. 8.5','Servicios','Público','445 457 5043','Ser la mejor empresa en México'),(110,'Real Comunicaciones','contacto@realcomm.mx',11,359,38982,'Leyes de Reforma # 47, Col. El Cuitzillo','Servicios','Público','351 164 3000','Ser la mejor empresa en México'),(111,'Start Up Cluster S.A.P.I. de C.V. ','luz@startupmexico.com',11,324,37150,'Blvd. Campestre 2150, Lomas del Coapinole','Servicios','Público',' 331 589 3076','Ser la mejor empresa en México'),(112,'TALTERE S.A. DE C.V.','ventas@taltere.com',14,650,45070,'Calle Volcán Popocatépetl 5120, Colli Urbano','Servicios','Público','445 457 4754','Ser la mejor empresa en México'),(113,'TEJIDOS PAULETTE GABIRELLE S.A DE C.V.','paulettegrabrielle@hotmail.com',11,338,38800,' Centro, Pje. Guerrero Garibay 33-A, Zona Centro','Servicios','Público','445 110 0336','Ser la mejor empresa en México'),(114,'TEJIENDO WEB S.A.P.I. DE C.V.','info.tejiendo.web@gmail.com',11,338,38800,'Ocampo 270','Servicios','Público','556 519 8466   ','Ser la mejor empresa en México'),(115,'WIFIMEX Redes Inteligentes','yoxwifimex@gmail.com',9,274,56900,'Amecameca de Juárez','Servicios','Público','445 159 9233','Ser la mejor empresa en México'),(116,'Interfree','pc.magc@gmail.com',11,359,38980,'San Miguel \"29 \"','Servicios','Público','445 159 9233','Ser la mejor empresa en México'),(117,'Instituto Yurirense ','directivoyurirense@gmail.com',11,338,38800,'Prolongación Hidalgo #188 Colonia Nińos Héroes','Servicios','Público','445 168 2953','Ser la mejor empresa en México'),(118,'Marquesada Celular S.A de C.V','javiersl@morpheusdss.com',11,345,38900,'Calle Arteaga #314 Colonia Centro','Servicios','Público','466 663 1167','Ser la mejor empresa en México'),(119,'Technology and services for business SA de CV','nurian.flores@e-openroad.com',11,1623,76220,'Calle Anillo Vial 3 #1742 Saldarriaga','Servicios','Público','442 213 4053','Ser la mejor empresa en México'),(120,'INOTEX','inotex02@gmail.com',11,359,38980,'Boulevard Uriangato #334 Planta Alta Colonia La Joyita','Servicios','Público','445 131 7461','Ser la mejor empresa en México'),(121,'Catrina Softec S.A de C.V','hola@cactus-labs.com',11,359,38980,'Salvador Urrutia #95','Servicios','Público','445 457 9749','Ser la mejor empresa en México'),(122,'Infoware','capital.humano@e-infoware.com',11,336,37500,'El Mirador, San Sebastián 603, La Martinica,','Servicios','Público','477 763 1500','Ser la mejor empresa en México'),(123,'Kostal','y.rivera@kostal.com',11,320,38610,'Acambaro - Jerecuaro, Loma Bonita Dos','Servicios','Público','442 211 9500','Ser la mejor empresa en México'),(124,'Omron AUTOMOTIVE Electronics de México S de RL de CV','diana.galvan@omron.com',11,355,36100,'Av. Paraíso No. 344, colonia Parque Industrial Las Colinas','Servicios','Público','123 456 7890','Ser la mejor empresa en México'),(125,'Contel - Tecnologías de información','manuel.belmonte@contel.com.mx',11,333,36660,'Calle Paseo de Las Fresas 77, Jardines de Irapuato','Servicios','Público','462 623 9034','Ser la mejor empresa en México'),(126,'SEG - Secretaría de Educación Guanajuato','veronica_mena@seg.guanajuato.gob.mx',11,331,36082,'Pozuelos s/n, Complejo Administrativo Pozuelos','Servicios','Público','473 735 1000','Ser la mejor empresa en México'),(130,'American Polo de Latinoamerica S.A de C.V','planeacion@uriangato.gob.mx',11,359,38980,'Blvd. José María Morelos 21, Zona Centro','Servicios','Público','445 457 5022 ','Ser la mejor empresa en México'),(134,'Casa Parra de máquinas de coser','cbta_san_nicolas@yahoo.com',11,331,36082,'de los, Justo Sierra 3, San Nicolás de los Agustinos','Servicios','Público','466 163 6597','Ser la mejor empresa en México'),(142,'EDUCARE INNOVACION','administracion@entornosoamin.com',11,324,38000,'Tenochtitlán No. 225-A Int.3 Zona Centro','Servicios','Público','447 101 5800','Ser la mejor empresa en México'),(154,'HOTEL QUALITEL PLUS','info@infowaresc.com',11,336,37500,'CALLE SAN FRANCISCO, #104, Int. 305, COLONIA LA MARTINICA','Servicios','Público','443 312 1570','Ser la mejor empresa en México'),(189,'Empresa 01','empresa@empresa.com',11,330,58822,'kfkfjfjhfjfhjfhf','Servicios','Público','123 456 7891','sdadsdaddadsasdsdadsrrr'),(190,'patito 2','patito02@gmail.com',8,201,34567,'Lomas turbas #78','Industrial','Público','123 456 7890','ddddddddderttrerrererere'),(193,'ddfffds','prueba1@gmail.com',10,290,21345,'dssssssssssssss','Industrial','Público','234 567','dfffffffffffffffffffffffffffd'),(194,'patito 3','patito03@gmail.com',8,205,12343,'Adffffffff 344','Industrial','Público','123 45 67','aAdddddd ddf'),(195,'Empresa 2','empresa2@empresa.com',11,328,12345,'Andndndmmm','Otro','Privado','123 456 7890','Ad'),(198,'patillo 01','patillo01@gmail.com',19,983,32456,'Lomas Turbas #31','Industrial','Privado','123 456 7890','jfdjkjkjkkkkjljjkfddfsfsd'),(200,'patillo 02','patillo02@gmail.com',14,530,12345,'nsmddddddddddd','Industrial','Público','343 123 1618','ccccccccccccccccccccc'),(203,'Fernandez','fernandez@gmail.com',16,796,32456,'asshdhjksajjdhdjhds','Servicios','Privado','123 456 7654','dskldsjdskjdskdsjkds'),(204,'Arturillo01','arturillo@gmail.com',11,320,43567,'dvfdfffffffffffffffff','Servicios','Privado','123 456 6789','dkhhhhjjkdddddddddddddddddddd');
/*!40000 ALTER TABLE `empresas` ENABLE KEYS */;
UNLOCK TABLES;

--
-- Table structure for table `estados`
--

DROP TABLE IF EXISTS `estados`;
/*!40101 SET @saved_cs_client     = @@character_set_client */;
 SET character_set_client = utf8mb4 ;
CREATE TABLE `estados` (
  `id_estado` int(11) NOT NULL AUTO_INCREMENT,
  `estado` varchar(50) NOT NULL,
  PRIMARY KEY (`id_estado`),
  UNIQUE KEY `estado` (`estado`)
) ENGINE=InnoDB AUTO_INCREMENT=33 DEFAULT CHARSET=utf8mb4 COLLATE=utf8mb4_0900_ai_ci;
/*!40101 SET character_set_client = @saved_cs_client */;

--
-- Dumping data for table `estados`
--

LOCK TABLES `estados` WRITE;
/*!40000 ALTER TABLE `estados` DISABLE KEYS */;
INSERT INTO `estados` VALUES (1,'Aguascalientes'),(2,'Baja California'),(3,'Baja California Sur'),(4,'Campeche'),(7,'Chiapas'),(8,'Chihuahua'),(5,'Coahuila de Zaragoza'),(6,'Colima'),(9,'Distrito Federal'),(10,'Durango'),(11,'Guanajuato'),(12,'Guerrero'),(13,'Hidalgo'),(14,'Jalisco'),(15,'México'),(16,'Michoacán de Ocampo'),(17,'Morelos'),(18,'Nayarit'),(19,'Nuevo León'),(20,'Oaxaca'),(21,'Puebla'),(22,'Querétaro'),(23,'Quintana Roo'),(24,'San Luis Potosí'),(25,'Sinaloa'),(26,'Sonora'),(27,'Tabasco'),(28,'Tamaulipas'),(29,'Tlaxcala'),(30,'Veracruz de Ignacio de la Llave'),(31,'Yucatán'),(32,'Zacatecas');
/*!40000 ALTER TABLE `estados` ENABLE KEYS */;
UNLOCK TABLES;

--
-- Table structure for table `municipios`
--

DROP TABLE IF EXISTS `municipios`;
/*!40101 SET @saved_cs_client     = @@character_set_client */;
 SET character_set_client = utf8mb4 ;
CREATE TABLE `municipios` (
  `id_municipio` int(11) NOT NULL AUTO_INCREMENT,
  `id_estado` int(11) NOT NULL,
  `municipio` varchar(50) NOT NULL,
  PRIMARY KEY (`id_municipio`),
  KEY `id_estado` (`id_estado`),
  CONSTRAINT `municipios_ibfk_1` FOREIGN KEY (`id_estado`) REFERENCES `estados` (`id_estado`)
) ENGINE=InnoDB AUTO_INCREMENT=2279 DEFAULT CHARSET=utf8mb4 COLLATE=utf8mb4_0900_ai_ci;
/*!40101 SET character_set_client = @saved_cs_client */;

--
-- Dumping data for table `municipios`
--

LOCK TABLES `municipios` WRITE;
/*!40000 ALTER TABLE `municipios` DISABLE KEYS */;
INSERT INTO `municipios` VALUES (1,1,'Aguascalientes'),(2,1,'Asientos'),(3,1,'Calvillo'),(4,1,'Cosio'),(5,1,'Jesús María'),(6,1,'Pabellón De Arteaga'),(7,1,'Rincón De Romos'),(8,1,'San José De Gracia'),(9,1,'Tepezalá'),(10,1,'El Llano'),(11,1,'San Fancisco De Los Romo'),(12,2,'Ensenada'),(13,2,'Mexicali'),(14,2,'Tecate'),(15,2,'Tijuana'),(16,2,'Playas De Rosarito'),(17,3,'Comondú'),(18,3,'Mulegé'),(19,3,'La Paz'),(20,3,'Los Cabos'),(21,3,'Loreto'),(22,4,'Calkiní'),(23,4,'Campeche'),(24,4,'Carmen'),(25,4,'Champotón'),(26,4,'Hecelchakán'),(27,4,'Hopelchén'),(28,4,'Palizada'),(29,4,'Tenabo'),(30,4,'Escárcega'),(31,4,'Calakmul'),(32,4,'Candelaria'),(33,5,'Abasolo'),(34,5,'Acuña'),(35,5,'Allende'),(36,5,'Arteaga'),(37,5,'Candela'),(38,5,'Castaños'),(39,5,'Cuatro Ciénegas'),(40,5,'Escobedo'),(41,5,'Francisco I. Madero'),(42,5,'Frontera'),(43,5,'General Cepeda'),(44,5,'Guerrero'),(45,5,'Hidalgo'),(46,5,'Jiménez'),(47,5,'Juárez'),(48,5,'LaMadrid'),(49,5,'Matamoros'),(50,5,'Monclova'),(51,5,'Morelos'),(52,5,'Múzquiz'),(53,5,'Nadadores'),(54,5,'Nava'),(55,5,'Ocampo'),(56,5,'Parras'),(57,5,'Piedras Negras'),(58,5,'Progreso'),(59,5,'Ramos Arizpe'),(60,5,'Sabinas'),(61,5,'Sacramento'),(62,5,'Saltillo'),(63,5,'San Buenaventura'),(64,5,'San Juan De Las Sabinas'),(65,5,'San Pedro'),(66,5,'Sierra Mojada'),(67,5,'Torreón'),(68,5,'Viesca'),(69,5,'Villa Unión'),(70,5,'Zaragoza'),(71,6,'ARMERÍA'),(72,6,'COLIMA'),(73,6,'COMALA'),(74,6,'COQUIMATLÁN'),(75,6,'CUAUHTÉMOC'),(76,6,'IXTLAHUACÁN'),(77,6,'MANZANILLO'),(78,6,'MINATITLÁN'),(79,6,'TECOMÁN'),(80,6,'VILLA DE ÁLVAREZ'),(81,7,'ACACOYAGUA'),(82,7,'ACALA'),(83,7,'ACAPETAHUA'),(84,7,'ALTAMIRANO'),(85,7,'AMATENANGO DE LA FRONTERA'),(86,7,'AMATENANGO DEL VALLE'),(87,7,'ANGEL ALBINO CORZO'),(88,7,'BEJUCAL DE OCAMPO'),(89,7,'BELLA VISTA'),(90,7,'BERRIOZÁBAL'),(91,7,'BOCHIL'),(92,7,'EL BOSQUE'),(93,7,'CACAHOATÁN'),(94,7,'CATAZAJÁ'),(95,7,'CINTALAPA'),(96,7,'COAPILLA'),(97,7,'COMITÁN DE DOMÍNGUEZ'),(98,7,'LA CONCORDIA'),(99,7,'COPAINALÁ'),(100,7,'CHALCHIHUITÁN'),(101,7,'CHAMULA'),(102,7,'CHANAL'),(103,7,'CHAPULTENANGO'),(104,7,'CHENALHÓ'),(105,7,'CHIAPA DE CORZO'),(106,7,'CHIAPILLA'),(107,7,'CHICOASÉN'),(108,7,'CHICOMUSELO'),(109,7,'CHILÓN'),(110,7,'ESCUINTLA'),(111,7,'FRANCISCO LEÓN'),(112,7,'FRONTERA COMALAPA'),(113,7,'FRONTERA HIDALGO'),(114,7,'LA GRANDEZA'),(115,7,'HUEHUETÁN'),(116,7,'HUIXTÁN'),(117,7,'HUITIUPÁN'),(118,7,'HUIXTLA'),(119,7,'LA INDEPENDENCIA'),(120,7,'IXHUATÁN'),(121,7,'IXTACOMITÁN'),(122,7,'IXTAPA'),(123,7,'IXTAPANGAJOYA'),(124,7,'JIQUIPILAS'),(125,7,'JITOTOL'),(126,7,'JUÁREZ'),(127,7,'LARRÁINZAR'),(128,7,'LA LIBERTAD'),(129,7,'LAS MARGARITAS'),(130,7,'MAZATÁN'),(131,7,'METAPA'),(132,7,'MITONTIC'),(133,7,'MOTOZINTLA'),(134,7,'NICOLÁS RUÍZ'),(135,7,'OCOSINGO'),(136,7,'OCOTEPEC'),(137,7,'OCOZOCOAUTLA DE ESPINOSA'),(138,7,'OSTUACÁN'),(139,7,'OSUMACINTA'),(140,7,'OXCHUC'),(141,7,'PALENQUE'),(142,7,'PANTELHÓ'),(143,7,'PANTEPEC'),(144,7,'PICHUCALCO'),(145,7,'PIJIJIAPAN'),(146,7,'EL PORVENIR'),(147,7,'VILLA COMALTITLÁN'),(148,7,'PUEBLO NUEVO SOLISTAHUACÁN'),(149,7,'RAYÓN'),(150,7,'REFORMA'),(151,7,'LAS ROSAS'),(152,7,'SABANILLA'),(153,7,'SALTO DE AGUA'),(154,7,'SAN CRISTÓBAL DE LAS CASAS'),(155,7,'SAN FERNANDO'),(156,7,'SILTEPEC'),(157,7,'SIMOJOVEL'),(158,7,'SITALÁ'),(159,7,'SOCOLTENANGO'),(160,7,'SOLOSUCHIAPA'),(161,7,'SOYALÓ'),(162,7,'SUCHIAPA'),(163,7,'SUCHIATE'),(164,7,'SUNUAPA'),(165,7,'TAPACHULA'),(166,7,'TAPALAPA'),(167,7,'TAPILULA'),(168,7,'TECPATÁN'),(169,7,'TENEJAPA'),(170,7,'TEOPISCA'),(171,7,'TILA'),(172,7,'TONALÁ'),(173,7,'TOTOLAPA'),(174,7,'LA TRINITARIA'),(175,7,'TUMBALÁ'),(176,7,'TUXTLA GUTIÉRREZ'),(177,7,'TUXTLA CHICO'),(178,7,'TUZANTÁN'),(179,7,'TZIMOL'),(180,7,'UNIÓN JUÁREZ'),(181,7,'VENUSTIANO CARRANZA'),(182,7,'VILLA CORZO'),(183,7,'VILLAFLORES'),(184,7,'YAJALÓN'),(185,7,'SAN LUCAS'),(186,7,'ZINACANTÁN'),(187,7,'SAN JUAN CANCUC'),(188,7,'ALDAMA'),(189,7,'BENEMÉRITO DE LAS AMÉRICAS'),(190,7,'MARAVILLA TENEJAPA'),(191,7,'MARQUÉS DE COMILLAS'),(192,7,'MONTECRISTO DE GUERRERO'),(193,7,'SAN ANDRÉS DURAZNAL'),(194,7,'SANTIAGO EL PINAR'),(195,8,'AHUMADA'),(196,8,'ALDAMA'),(197,8,'ALLENDE'),(198,8,'AQUILES SERDÁN'),(199,8,'ASCENSIÓN'),(200,8,'BACHÍNIVA'),(201,8,'BALLEZA'),(202,8,'BATOPILAS'),(203,8,'BOCOYNA'),(204,8,'BUENAVENTURA'),(205,8,'CAMARGO'),(206,8,'CARICHÍ'),(207,8,'CASAS GRANDES'),(208,8,'CORONADO'),(209,8,'COYAME DEL SOTOL'),(210,8,'LA CRUZ'),(211,8,'CUAUHTÉMOC'),(212,8,'CUSIHUIRIACHI'),(213,8,'CHIHUAHUA'),(214,8,'CHÍNIPAS'),(215,8,'DELICIAS'),(216,8,'DR. BELISARIO DOMÍNGUEZ'),(217,8,'GALEANA'),(218,8,'SANTA ISABEL'),(219,8,'GÓMEZ FARÍAS'),(220,8,'GRAN MORELOS'),(221,8,'GUACHOCHI'),(222,8,'GUADALUPE'),(223,8,'GUADALUPE Y CALVO'),(224,8,'GUAZAPARES'),(225,8,'GUERRERO'),(226,8,'HIDALGO DEL PARRAL'),(227,8,'HUEJOTITÁN'),(228,8,'IGNACIO ZARAGOZA'),(229,8,'JANOS'),(230,8,'JIMÉNEZ'),(231,8,'JUÁREZ'),(232,8,'JULIMES'),(233,8,'LÓPEZ'),(234,8,'MADERA'),(235,8,'MAGUARICHI'),(236,8,'MANUEL BENAVIDES'),(237,8,'MATACHÍ'),(238,8,'MATAMOROS'),(239,8,'MEOQUI'),(240,8,'MORELOS'),(241,8,'MORIS'),(242,8,'NAMIQUIPA'),(243,8,'NONOAVA'),(244,8,'NUEVO CASAS GRANDES'),(245,8,'OCAMPO'),(246,8,'OJINAGA'),(247,8,'PRAXEDIS G. GUERRERO'),(248,8,'RIVA PALACIO'),(249,8,'ROSALES'),(250,8,'ROSARIO'),(251,8,'SAN FRANCISCO DE BORJA'),(252,8,'SAN FRANCISCO DE CONCHOS'),(253,8,'SAN FRANCISCO DEL ORO'),(254,8,'SANTA BÁRBARA'),(255,8,'SATEVÓ'),(256,8,'SAUCILLO'),(257,8,'TEMÓSACHIC'),(258,8,'EL TULE'),(259,8,'URIQUE'),(260,8,'URUACHI'),(261,8,'VALLE DE ZARAGOZA'),(262,9,'AZCAPOTZALCO'),(263,9,'COYOACÁN'),(264,9,'CUAJIMALPA DE MORELOS'),(265,9,'GUSTAVO A. MADERO'),(266,9,'IZTACALCO'),(267,9,'IZTAPALAPA'),(268,9,'LA MAGDALENA CONTRERAS'),(269,9,'MILPA ALTA'),(270,9,'ÁLVARO OBREGÓN'),(271,9,'TLÁHUAC'),(272,9,'TLALPAN'),(273,9,'XOCHIMILCO'),(274,9,'AHUMADA'),(275,9,'XOCHIMILCO'),(276,9,'BENITO JUÁREZ'),(277,9,'CUAUHTÉMOC'),(278,9,'MIGUEL HIDALGO'),(279,9,'VENUSTIANO CARRANZA'),(280,10,'DURANGO'),(281,10,'CANATLÁN'),(282,10,'CANELAS'),(283,10,'CONETO DE COMONFORT'),(284,10,'CUENCAMÉ'),(285,10,'GENERAL SIMÓN BOLÍVAR'),(286,10,'GÓMEZ PALACIO'),(287,10,'GUADALUPE VICTORIA'),(288,10,'GUANACEVÍ'),(289,10,'HIDALGO'),(290,10,'INDÉ'),(291,10,'LERDO'),(292,10,'MAPIMÍ'),(293,10,'MEZQUITAL'),(294,10,'NAZAS'),(295,10,'NOMBRE DE DIOS'),(296,10,'OCAMPO'),(297,10,'EL ORO'),(298,10,'OTÁEZ'),(299,10,'PÁNUCO DE CORONADO'),(300,10,'PEÑÓN BLANCO'),(301,10,'POANAS'),(302,10,'PUEBLO NUEVO'),(303,10,'RODEO'),(304,10,'SAN BERNARDO'),(305,10,'SAN DIMAS'),(306,10,'SAN JUAN DE GUADALUPE'),(307,10,'SAN JUAN DEL RÍO'),(308,10,'SAN LUIS DEL CORDERO'),(309,10,'SAN PEDRO DEL GALLO'),(310,10,'SANTA CLARA'),(311,10,'SANTIAGO PAPASQUIARO'),(312,10,'SÚCHIL'),(313,10,'TAMAZULA'),(314,10,'TEPEHUANES'),(315,10,'TLAHUALILO'),(316,10,'TOPIA'),(317,10,'VICENTE GUERRERO'),(318,10,'NUEVO IDEAL'),(319,11,'Abasolo'),(320,11,'Acámbaro'),(321,11,'Apaseo el Alto'),(322,11,'Apaseo el Grande'),(323,11,'Atarjea'),(324,11,'Celaya'),(325,11,'Comonfort'),(326,11,'Coroneo'),(327,11,'Cortazar'),(328,11,'Cuerámaro'),(329,11,'Doctor Mora'),(330,11,'Dolores Hidalgo Cuna de la Independencia Nacional'),(331,11,'Guanajuato'),(332,11,'Huanímaro'),(333,11,'Irapuato'),(334,11,'Jaral del Progreso'),(335,11,'Jerécuaro'),(336,11,'León'),(337,11,'Manuel Doblado'),(338,11,'Moroleón'),(339,11,'Ocampo'),(340,11,'Pénjamo'),(341,11,'Pueblo Nuevo'),(342,11,'Purísima del Rincón'),(343,11,'Romita'),(344,11,'Salamanca'),(345,11,'Salvatierra'),(346,11,'San Diego de la Unión'),(347,11,'San Felipe'),(348,11,'San Francisco del Rincón'),(349,11,'San José Iturbide'),(350,11,'San Luis de la Paz'),(351,11,'San Miguel de Allende'),(352,11,'Santa Catarina'),(353,11,'Santa Cruz de Juventino Rosas'),(354,11,'Santiago Maravatío'),(355,11,'Silao de la Victoria'),(356,11,'Tarandacuao'),(357,11,'Tarimoro'),(358,11,'Tierra Blanca'),(359,11,'Uriangato'),(360,11,'Valle de Santiago'),(361,11,'Victoria'),(362,11,'Villagrán'),(363,11,'Xichú'),(364,11,'Yuriria'),(365,12,'ACAPULCO DE JUÁREZ'),(366,12,'AHUACUOTZINGO'),(367,12,'AJUCHITLÁN DEL PROGRESO'),(368,12,'ALCOZAUCA DE GUERRERO'),(369,12,'ALPOYECA'),(370,12,'APAXTLA'),(371,12,'ARCELIA'),(372,12,'ATENANGO DEL RÍO'),(373,12,'ATLAMAJALCINGO DEL MONTE'),(374,12,'ATLIXTAC'),(375,12,'ATOYAC DE ÁLVAREZ'),(376,12,'AYUTLA DE LOS LIBRES'),(377,12,'AZOYÚ'),(378,12,'BENITO JUÁREZ'),(379,12,'BUENAVISTA DE CUÉLLAR'),(380,12,'COAHUAYUTLA DE JOSÉ MARÍA IZAZAGA'),(381,12,'COCULA'),(382,12,'COPALA'),(383,12,'COPALILLO'),(384,12,'OPANATOYAC'),(385,12,'COYUCA DE BENÍTEZ'),(386,12,'COYUCA DE CATALÁN'),(387,12,'CUAJINICUILAPA'),(388,12,'CUALÁC'),(389,12,'CUAUTEPEC'),(390,12,'CUETZALA DEL PROGRESO'),(391,12,'CUTZAMALA DE PINZÓN'),(392,12,'CHILAPA DE ÁLVAREZ'),(393,12,'CHILPANCINGO DE LOS BRAVO'),(394,12,'FLORENCIO VILLARREAL'),(395,12,'GENERAL CANUTO A. NERI'),(396,12,'GENERAL HELIODORO CASTILLO'),(397,12,'HUAMUXTITLÁN'),(398,12,'HUITZUCO DE LOS FIGUEROA'),(399,12,'IGUALA DE LA INDEPENDENCIA'),(400,12,'IGUALAPA'),(401,12,'IXCATEOPAN DE CUAUHTÉMOC'),(402,12,'ZIHUATANEJO DE AZUETA'),(403,12,'JUAN R. ESCUDERO'),(404,12,'LEONARDO BRAVO'),(405,12,'MALINALTEPEC'),(406,12,'MÁRTIR DE CUILAPAN'),(407,12,'METLATÓNOC'),(408,12,'MOCHITLÁN'),(409,12,'OLINALÁ'),(410,12,'OMETEPEC'),(411,12,'PEDRO ASCENCIO ALQUISIRAS'),(412,12,'PETATLÁN'),(413,12,'PILCAYA'),(414,12,'PUNGARABATO'),(415,12,'QUECHULTENANGO'),(416,12,'SAN LUIS ACATLÁN'),(417,12,'SAN MARCOS'),(418,12,'SAN MIGUEL TOTOLAPAN'),(419,12,'TAXCO DE ALARCÓN'),(420,12,'TECOANAPA'),(421,12,'TÉCPAN DE GALEANA'),(422,12,'TELOLOAPAN'),(423,12,'TEPECOACUILCO DE TRUJANO'),(424,12,'TETIPAC'),(425,12,'TIXTLA DE GUERRERO'),(426,12,'TLACOACHISTLAHUACA'),(427,12,'TLACOAPA'),(428,12,'TLALCHAPA'),(429,12,'TLALIXTAQUILLA DE MALDONADO'),(430,12,'TLAPA DE COMONFORT'),(431,12,'TLAPEHUALA'),(432,12,'LA UNIÓN DE ISIDORO MONTES DE OCA'),(433,12,'XALPATLÁHUAC'),(434,12,'XOCHIHUEHUETLÁN'),(435,12,'XOCHISTLAHUACA'),(436,12,'ZAPOTITLÁN TABLAS'),(437,12,'ZIRÁNDARO'),(438,12,'ZITLALA'),(439,12,'EDUARDO NERI'),(440,12,'ACATEPEC'),(441,12,'MARQUELIA'),(442,12,'COCHOAPA EL GRANDE'),(443,12,'JOSÉ JOAQUÍN DE HERRERA'),(444,12,'JUCHITÁN'),(445,12,'ILIATENCO'),(446,13,'ACATLÁN'),(447,13,'ACAXOCHITLÁN'),(448,13,'ACTOPAN'),(449,13,'AGUA BLANCA DE ITURBIDE'),(450,13,'AJACUBA'),(451,13,'ALFAJAYUCAN'),(452,13,'ALMOLOYA'),(453,13,'APAN'),(454,13,'EL ARENAL'),(455,13,'ATITALAQUIA'),(456,13,'ATLAPEXCO'),(457,13,'ATOTONILCO EL GRANDE'),(458,13,'ATOTONILCO DE TULA'),(459,13,'CALNALI'),(460,13,'CARDONAL'),(461,13,'CUAUTEPEC DE HINOJOSA'),(462,13,'CHAPANTONGO'),(463,13,'CHAPULHUACÁN'),(464,13,'CHILCUAUTLA'),(465,13,'ELOXOCHITLÁN'),(466,13,'EMILIANO ZAPATA'),(467,13,'EPAZOYUCAN'),(468,13,'FRANCISCO I. MADERO'),(469,13,'HUASCA DE OCAMPO'),(470,13,'HUAUTLA'),(471,13,'HUAZALINGO'),(472,13,'HUEHUETLA'),(473,13,'HUEJUTLA DE REYES'),(474,13,'HUICHAPAN'),(475,13,'IXMIQUILPAN'),(476,13,'JACALA DE LEDEZMA'),(477,13,'JALTOCÁN'),(478,13,'JUÁREZ HIDALGO'),(479,13,'LOLOTLA'),(480,13,'METEPEC'),(481,13,'SAN AGUSTÍN METZQUITITLÁN'),(482,13,'METZTITLÁN'),(483,13,'MINERAL DEL CHICO'),(484,13,'MINERAL DEL MONTE'),(485,13,'LA MISIÓN'),(486,13,'MIXQUIAHUALA DE JUÁREZ'),(487,13,'MOLANGO DE ESCAMILLA'),(488,13,'NICOLÁS FLORES'),(489,13,'NOPALA DE VILLAGRÁN'),(490,13,'OMITLÁN DE JUÁREZ'),(491,13,'SAN FELIPE ORIZATLÁN'),(492,13,'PACULA'),(493,13,'PACHUCA DE SOTO'),(494,13,'PISAFLORES'),(495,13,'PROGRESO DE OBREGÓN'),(496,13,'MINERAL DE LA REFORMA'),(497,13,'SAN AGUSTÍN TLAXIACA'),(498,13,'SAN BARTOLO TUTOTEPEC'),(499,13,'SAN SALVADOR'),(500,13,'SANTIAGO DE ANAYA'),(501,13,'SANTIAGO TULANTEPEC DE LUGO GUERRERO'),(502,13,'SINGUILUCAN'),(503,13,'TASQUILLO'),(504,13,'TECOZAUTLA'),(505,13,'TENANGO DE DORIA'),(506,13,'TEPEAPULCO'),(507,13,'TEPEHUACÁN DE GUERRERO'),(508,13,'TEPEJI DEL RÍO DE OCAMPO'),(509,13,'TEPETITLÁN'),(510,13,'TETEPANGO'),(511,13,'VILLA DE TEZONTEPEC'),(512,13,'TEZONTEPEC DE ALDAMA'),(513,13,'TIANGUISTENGO'),(514,13,'TIZAYUCA'),(515,13,'TLAHUELILPAN'),(516,13,'TLAHUILTEPA'),(517,13,'TLANALAPA'),(518,13,'TLANCHINOL'),(519,13,'TLAXCOAPAN'),(520,13,'TOLCAYUCA'),(521,13,'TULA DE ALLENDE'),(522,13,'TULANCINGO DE BRAVO'),(523,13,'XOCHIATIPAN'),(524,13,'XOCHICOATLÁN'),(525,13,'YAHUALICA'),(526,13,'ZACUALTIPÁN DE ÁNGELES'),(527,13,'ZAPOTLÁN DE JUÁREZ'),(528,13,'ZEMPOALA'),(529,13,'ZIMAPÁN'),(530,14,'ACATIC'),(531,14,'ACATLÁN DE JUÁREZ'),(532,14,'AHUALULCO DE MERCADO'),(533,14,'AMACUECA'),(534,14,'AMATITÁN'),(535,14,'AMECA'),(536,14,'SAN JUANITO DE ESCOBEDO'),(537,14,'ARANDAS'),(538,14,'EL ARENAL'),(539,14,'ATEMAJAC DE BRIZUELA'),(540,14,'ATENGO'),(541,14,'ATENGUILLO'),(542,14,'ATOTONILCO EL ALTO'),(543,14,'ATOYAC'),(544,14,'AUTLÁN DE NAVARRO'),(545,14,'AYOTLÁN'),(546,14,'AYUTLA'),(547,14,'LA BARCA'),(548,14,'BOLAÑOS'),(549,14,'CABO CORRIENTES'),(550,14,'CASIMIRO CASTILLO'),(551,14,'CIHUATLÁN'),(552,14,'ZAPOTLÁN EL GRANDE'),(553,14,'COCULA'),(554,14,'COLOTLÁN'),(555,14,'CONCEPCIÓN DE BUENOS AIRES'),(556,14,'CUAUTITLÁN DE GARCÍA BARRAGÁN'),(557,14,'CUAUTLA'),(558,14,'CUQUÍO'),(559,14,'AHOME'),(560,14,'CHAPALA'),(561,14,'CHIMALTITÁN'),(562,14,'CHIQUILISTLÁN'),(563,14,'DEGOLLADO'),(564,14,'EJUTLA'),(565,14,'ENCARNACIÓN DE DÍAZ'),(566,14,'ETZATLÁN'),(567,14,'EL GRULLO'),(568,14,'GUACHINANGO'),(569,14,'GUADALAJARA'),(570,14,'HOSTOTIPAQUILLO'),(571,14,'HUEJÚCAR'),(572,14,'HUEJUQUILLA EL ALTO'),(573,14,'LA HUERTA'),(574,14,'IXTLAHUACÁN DE LOS MEMBRILLOS'),(575,14,'IXTLAHUACÁN DEL RÍO'),(576,14,'JALOSTOTITLÁN'),(577,14,'JAMAY'),(578,14,'JESÚS MARÍA'),(579,14,'JILOTLÁN DE LOS DOLORES'),(580,14,'JOCOTEPEC'),(581,14,'JUANACATLÁN'),(582,14,'JUCHITLÁN'),(583,14,'LAGOS DE MORENO'),(584,14,'EL LIMÓN'),(585,14,'MAGDALENA'),(586,14,'SANTA MARÍA DEL ORO'),(587,14,'LA MANZANILLA DE LA PAZ'),(588,14,'MASCOTA'),(589,14,'MAZAMITLA'),(590,14,'MEXTICACÁN'),(591,14,'MEZQUITIC'),(592,14,'MIXTLÁN'),(593,14,'OCOTLÁN'),(594,14,'OJUELOS DE JALISCO'),(595,14,'PIHUAMO'),(596,14,'PONCITLÁN'),(597,14,'PUERTO VALLARTA'),(598,14,'VILLA PURIFICACIÓN'),(599,14,'QUITUPAN'),(600,14,'EL SALTO'),(601,14,'SAN CRISTÓBAL DE LA BARRANCA'),(602,14,'SAN DIEGO DE ALEJANDRÍA'),(603,14,'SAN JUAN DE LOS LAGOS'),(604,14,'SAN JULIÁN'),(605,14,'SAN MARCOS'),(606,14,'SAN MARTÍN DE BOLAÑOS'),(607,14,'SAN MARTÍN HIDALGO'),(608,14,'SAN MIGUEL EL ALTO'),(609,14,'GÓMEZ FARÍAS'),(610,14,'SAN SEBASTIÁN DEL OESTE'),(611,14,'SANTA MARÍA DE LOS ÁNGELES'),(612,14,'SAYULA'),(613,14,'TALA'),(614,14,'TALPA DE ALLENDE'),(615,14,'TAMAZULA DE GORDIANO'),(616,14,'TAPALPA'),(617,14,'TECALITLÁN'),(618,14,'TECOLOTLÁN'),(619,14,'TECHALUTA DE MONTENEGRO'),(620,14,'TENAMAXTLÁN'),(621,14,'TEOCALTICHE'),(622,14,'TEOCUITATLÁN DE CORONA'),(623,14,'TEPATITLÁN DE MORELOS'),(624,14,'TEQUILA'),(625,14,'TEUCHITLÁN'),(626,14,'TIZAPÁN EL ALTO'),(627,14,'TLAJOMULCO DE ZÚÑIGA'),(628,14,'SAN PEDRO TLAQUEPAQUE'),(629,14,'TOLIMÁN'),(630,14,'TOMATLÁN'),(631,14,'TONALÁ'),(632,14,'TONAYA'),(633,14,'TONILA'),(634,14,'TOTATICHE'),(635,14,'TOTOTLÁN'),(636,14,'TUXCACUESCO'),(637,14,'TUXCUECA'),(638,14,'TUXPAN'),(639,14,'UNIÓN DE SAN ANTONIO'),(640,14,'UNIÓN DE TULA'),(641,14,'VALLE DE GUADALUPE'),(642,14,'VALLE DE JUÁREZ'),(643,14,'SAN GABRIEL'),(644,14,'VILLA CORONA'),(645,14,'VILLA GUERRERO'),(646,14,'VILLA HIDALGO'),(647,14,'CAÑADAS DE OBREGÓN'),(648,14,'YAHUALICA DE GONZÁLEZ GALLO'),(649,14,'ZACOALCO DE TORRES'),(650,14,'ZAPOPAN'),(651,14,'ZAPOTILTIC'),(652,14,'ZAPOTITLÁN DE VADILLO'),(653,14,'ZAPOTLÁN DEL REY'),(654,14,'ZAPOTLANEJO'),(655,14,'SAN IGNACIO CERRO GORDO'),(656,15,'ACAMBAY DE RUÍZ CASTAÑEDA'),(657,15,'ACOLMAN'),(658,15,'ACULCO'),(659,15,'ALMOLOYA DE ALQUISIRAS'),(660,15,'ALMOLOYA DE JUÁREZ'),(661,15,'ALMOLOYA DEL RÍO'),(662,15,'AMANALCO'),(663,15,'AMATEPEC'),(664,15,'AMECAMECA'),(665,15,'ATENCO'),(666,15,'ATIZAPÁN'),(667,15,'ATIZAPÁN DE ZARAGOZA'),(668,15,'ATLACOMULCO'),(669,15,'ATLAUTLA'),(670,15,'AXAPUSCO'),(671,15,'AYAPANGO'),(672,15,'CALIMAYA'),(673,15,'CAPULHUAC'),(674,15,'COACALCO DE BERRIOZÁBAL'),(675,15,'COATEPEC HARINAS'),(676,15,'COCOTITLÁN'),(677,15,'COYOTEPEC'),(678,15,'CUAUTITLÁN'),(679,15,'CHAPA DE MOTA'),(680,15,'CHAPULTEPEC'),(681,15,'CHIAUTLA'),(682,15,'CHICOLOAPAN'),(683,15,'CHICONCUAC'),(684,15,'CHIMALHUACÁN'),(685,15,'DONATO GUERRA'),(686,15,'ECATEPEC DE MORELOS'),(687,15,'ECATZINGO'),(688,15,'HUEHUETOCA'),(689,15,'HUEYPOXTLA'),(690,15,'HUIXQUILUCAN'),(691,15,'ISIDRO FABELA'),(692,15,'IXTAPALUCA'),(693,15,'IXTAPAN DE LA SAL'),(694,15,'IXTAPAN DEL ORO'),(695,15,'IXTLAHUACA'),(696,15,'XALATLACO'),(697,15,'JALTENCO'),(698,15,'JILOTEPEC'),(699,15,'JILOTZINGO'),(700,15,'JIQUIPILCO'),(701,15,'JOCOTITLÁN'),(702,15,'JOQUICINGO'),(703,15,'JUCHITEPEC'),(704,15,'LERMA'),(705,15,'MALINALCO'),(706,15,'MELCHOR OCAMPO'),(707,15,'METEPEC'),(708,15,'MEXICALTZINGO'),(709,15,'MORELOS'),(710,15,'NAUCALPAN DE JUÁREZ'),(711,15,'NEZAHUALCÓYOTL'),(712,15,'NEXTLALPAN'),(713,15,'NICOLÁS ROMERO'),(714,15,'NOPALTEPEC'),(715,15,'OCOYOACAC'),(716,15,'OCUILAN'),(717,15,'EL ORO'),(718,15,'OTUMBA'),(719,15,'OTZOLOAPAN'),(720,15,'OTZOLOTEPEC'),(721,15,'OZUMBA'),(722,15,'PAPALOTLA'),(723,15,'LA PAZ'),(724,15,'POLOTITLÁN'),(725,15,'RAYÓN'),(726,15,'SAN ANTONIO LA ISLA'),(727,15,'SAN FELIPE DEL PROGRESO'),(728,15,'SAN MARTÍN DE LAS PIRÁMIDES'),(729,15,'SAN MATEO ATENCO'),(730,15,'SAN SIMÓN DE GUERRERO'),(731,15,'SANTO TOMÁS'),(732,15,'SOYANIQUILPAN DE JUÁREZ'),(733,15,'SULTEPEC'),(734,15,'TECÁMAC'),(735,15,'TEJUPILCO'),(736,15,'TEMAMATLA'),(737,15,'TEMASCALAPA'),(738,15,'TEMASCALCINGO'),(739,15,'TEMASCALTEPEC'),(740,15,'TEMOAYA'),(741,15,'TENANCINGO'),(742,15,'TENANGO DEL AIRE'),(743,15,'TENANGO DEL VALLE'),(744,15,'TEOLOYUCAN'),(745,15,'TEOTIHUACÁN'),(746,15,'TEPETLAOXTOC'),(747,15,'TEPETLIXPA'),(748,15,'TEPOTZOTLÁN'),(749,15,'TEQUIXQUIAC'),(750,15,'TEXCALTITLÁN'),(751,15,'TEXCALYACAC'),(752,15,'TEXCOCO'),(753,15,'TEZOYUCA'),(754,15,'TIANGUISTENCO'),(755,15,'TIMILPAN'),(756,15,'TLALMANALCO'),(757,15,'TLALNEPANTLA DE BAZ'),(758,15,'TLATLAYA'),(759,15,'TOLUCA'),(760,15,'TONATICO'),(761,15,'TULTEPEC'),(762,15,'TULTITLÁN'),(763,15,'VALLE DE BRAVO'),(764,15,'VILLA DE ALLENDE'),(765,15,'VILLA DEL CARBÓN'),(766,15,'VILLA GUERRERO'),(767,15,'VILLA VICTORIA'),(768,15,'XONACATLÁN'),(769,15,'ZACAZONAPAN'),(770,15,'ZACUALPAN'),(771,15,'ZINACANTEPEC'),(772,15,'ZUMPAHUACÁN'),(773,15,'ZUMPANGO'),(774,15,'CUAUTITLÁN IZCALLI'),(775,15,'VALLE DE CHALCO SOLIDARIDAD'),(776,15,'LUVIANOS'),(777,15,'SAN JOSÉ DEL RINCÓN'),(778,15,'TONANITLA'),(779,16,'ACUITZIO'),(780,16,'AGUILILLA'),(781,16,'ÁLVARO OBREGÓN'),(782,16,'ANGAMACUTIRO'),(783,16,'ANGANGUEO'),(784,16,'APATZINGÁN'),(785,16,'APORO'),(786,16,'AQUILA'),(787,16,'ARIO'),(788,16,'ARTEAGA'),(789,16,'BRISEÑAS'),(790,16,'BUENAVISTA'),(791,16,'CARÁCUARO'),(792,16,'COAHUAYANA'),(793,16,'COALCOMÁN DE VÁZQUEZ PALLARES'),(794,16,'COENEO'),(795,16,'CONTEPEC'),(796,16,'COPÁNDARO'),(797,16,'COTIJA'),(798,16,'CUITZEO'),(799,16,'CHARAPAN'),(800,16,'CHARO'),(801,16,'CHAVINDA'),(802,16,'CHERÁN'),(803,16,'CHILCHOTA'),(804,16,'CHINICUILA'),(805,16,'CHUCÁNDIRO'),(806,16,'CHURINTZIO'),(807,16,'CHURUMUCO'),(808,16,'ECUANDUREO'),(809,16,'EPITACIO HUERTA'),(810,16,'ERONGARÍCUARO'),(811,16,'GABRIEL ZAMORA'),(812,16,'HIDALGO'),(813,16,'LA HUACANA'),(814,16,'HUANDACAREO'),(815,16,'HUANIQUEO'),(816,16,'HUETAMO'),(817,16,'HUIRAMBA'),(818,16,'INDAPARAPEO'),(819,16,'IRIMBO'),(820,16,'IXTLÁN'),(821,16,'JACONA'),(822,16,'JIMÉNEZ'),(823,16,'JIQUILPAN'),(824,16,'JUÁREZ'),(825,16,'JUNGAPEO'),(826,16,'LAGUNILLAS'),(827,16,'MADERO'),(828,16,'MARAVATÍO'),(829,16,'MARCOS CASTELLANOS'),(830,16,'LÁZARO CÁRDENAS'),(831,16,'MORELIA'),(832,16,'MORELOS'),(833,16,'MÚGICA'),(834,16,'NAHUATZEN'),(835,16,'NOCUPÉTARO'),(836,16,'NUEVO PARANGARICUTIRO'),(837,16,'NUEVO URECHO'),(838,16,'NUMARÁN'),(839,16,'OCAMPO'),(840,16,'PAJACUARÁN'),(841,16,'PANINDÍCUARO'),(842,16,'PARÁCUARO'),(843,16,'PARACHO'),(844,16,'PÁTZCUARO'),(845,16,'PENJAMILLO'),(846,16,'PERIBÁN'),(847,16,'LA PIEDAD'),(848,16,'PURÉPERO'),(849,16,'PURUÁNDIRO'),(850,16,'QUERÉNDARO'),(851,16,'QUIROGA'),(852,16,'COJUMATLÁN DE RÉGULES'),(853,16,'LOS REYES'),(854,16,'SAHUAYO'),(855,16,'SAN LUCAS'),(856,16,'SANTA ANA MAYA'),(857,16,'SALVADOR ESCALANTE'),(858,16,'SENGUIO'),(859,16,'SUSUPUATO'),(860,16,'TACÁMBARO'),(861,16,'TANCÍTARO'),(862,16,'TANGAMANDAPIO'),(863,16,'TANGANCÍCUARO'),(864,16,'TANHUATO'),(865,16,'TARETAN'),(866,16,'TARÍMBARO'),(867,16,'TEPALCATEPEC'),(868,16,'TINGAMBATO'),(869,16,'TINGÜINDÍN'),(870,16,'TIQUICHEO DE NICOLÁS ROMERO'),(871,16,'TLALPUJAHUA'),(872,16,'TLAZAZALCA'),(873,16,'TOCUMBO'),(874,16,'TUMBISCATÍO'),(875,16,'TURICATO'),(876,16,'TUXPAN'),(877,16,'TUZANTLA'),(878,16,'TZINTZUNTZAN'),(879,16,'TZITZIO'),(880,16,'URUAPAN'),(881,16,'VENUSTIANO CARRANZA'),(882,16,'VILLAMAR'),(883,16,'VISTA HERMOSA'),(884,16,'YURÉCUARO'),(885,16,'ZACAPU'),(886,16,'ZAMORA'),(887,16,'ZINÁPARO'),(888,16,'ZINAPÉCUARO'),(889,16,'ZIRACUARETIRO'),(890,16,'ZITÁCUARO'),(891,16,'JOSÉ SIXTO VERDUZCO'),(892,17,'AMACUZAC'),(893,17,'ATLATLAHUCAN'),(894,17,'AXOCHIAPAN'),(895,17,'AYALA'),(896,17,'COATLÁN DEL RÍO'),(897,17,'CUAUTLA'),(898,17,'CUERNAVACA'),(899,17,'EMILIANO ZAPATA'),(900,17,'HUITZILAC'),(901,17,'JANTETELCO'),(902,17,'JIUTEPEC'),(903,17,'JOJUTLA'),(904,17,'JONACATEPEC DE LEANDRO VALLE'),(905,17,'MAZATEPEC'),(906,17,'MIACATLÁN'),(907,17,'OCUITUCO'),(908,17,'PUENTE DE IXTLA'),(909,17,'TEMIXCO'),(910,17,'TEPALCINGO'),(911,17,'TEPOZTLÁN'),(912,17,'TETECALA'),(913,17,'TETELA DEL VOLCÁN'),(914,17,'TLALNEPANTLA'),(915,17,'TLALTIZAPÁN DE ZAPATA'),(916,17,'TLAQUILTENANGO'),(917,17,'TLAYACAPAN'),(918,17,'TOTOLAPAN'),(919,17,'XOCHITEPEC'),(920,17,'YAUTEPEC'),(921,17,'YECAPIXTLA'),(922,17,'ZACATEPEC'),(923,17,'ZACUALPAN DE AMILPAS'),(924,17,'TEMOAC'),(925,18,'ACAPONETA'),(926,18,'AHUACATLÁN'),(927,18,'AMATLÁN DE CAÑAS'),(928,18,'COMPOSTELA'),(929,18,'HUAJICORI'),(930,18,'IXTLÁN DEL RÍO'),(931,18,'JALA'),(932,18,'XALISCO'),(933,18,'DEL NAYAR'),(934,18,'ROSAMORADA'),(935,18,'RUÍZ'),(936,18,'SAN BLAS'),(937,18,'SAN PEDRO LAGUNILLAS'),(938,18,'SANTA MARÍA DEL ORO'),(939,18,'SANTIAGO IXCUINTLA'),(940,18,'TECUALA'),(941,18,'TEPIC'),(942,18,'TUXPAN'),(943,18,'LA YESCA'),(944,18,'BAHÍA DE BANDERAS'),(945,19,'ABASOLO'),(946,19,'AGUALEGUAS'),(947,19,'LOS ALDAMAS'),(948,19,'ALLENDE'),(949,19,'NÁHUAC'),(950,19,'APODACA'),(951,19,'ARAMBERRI'),(952,19,'BUSTAMANTE'),(953,19,'CADEREYTA JIMÉNEZ'),(954,19,'EL CARMEN'),(955,19,'CERRALVO'),(956,19,'CIÉNEGA DE FLORES'),(957,19,'CHINA'),(958,19,'DOCTOR ARROYO'),(959,19,'DOCTOR COSS'),(960,19,'DOCTOR GONZÁLEZ'),(961,19,'GALEANA'),(962,19,'GARCÍA'),(963,19,'SAN PEDRO GARZA GARCÍA'),(964,19,'GENERAL BRAVO'),(965,19,'GENERAL ESCOBEDO'),(966,19,'GENERAL TERÁN'),(967,19,'GENERAL TREVIÑO'),(968,19,'GENERAL ZARAGOZA'),(969,19,'GENERAL ZUAZUA'),(970,19,'GUADALUPE'),(971,19,'LOS HERRERAS'),(972,19,'HIGUERAS'),(973,19,'HUALAHUISES'),(974,19,'ITURBIDE'),(975,19,'JUÁREZ'),(976,19,'LAMPAZOS DE NARANJO'),(977,19,'LINARES'),(978,19,'MARÍN'),(979,19,'MELCHOR OCAMPO'),(980,19,'MIER Y NORIEGA'),(981,19,'MINA'),(982,19,'MONTEMORELOS'),(983,19,'MONTERREY'),(984,19,'PARÁS'),(985,19,'PESQUERÍA'),(986,19,'LOS RAMONES'),(987,19,'RAYONES'),(988,19,'SABINAS HIDALGO'),(989,19,'SALINAS VICTORIA'),(990,19,'SAN NICOLÁS DE LOS GARZA'),(991,19,'HIDALGO'),(992,19,'SANTA CATARINA'),(993,19,'SANTIAGO'),(994,19,'VALLECILLO'),(995,19,'VILLALDAMA'),(996,20,'ABEJONES'),(997,20,'ACATLÁN DE PÉREZ FIGUEROA'),(998,20,'ASUNCIÓN CACALOTEPEC'),(999,20,'ASUNCIÓN CUYOTEPEJI'),(1000,20,'ASUNCIÓN IXTALTEPEC'),(1001,20,'ASUNCIÓN NOCHIXTLÁN'),(1002,20,'ASUNCIÓN OCOTLÁN'),(1003,20,'ASUNCIÓN TLACOLULITA'),(1004,20,'AYOTZINTEPEC'),(1005,20,'EL BARRIO DE LA SOLEDAD'),(1006,20,'CALIHUALÁ'),(1007,20,'CANDELARIA LOXICHA'),(1008,20,'CIÉNEGA DE ZIMATLÁN'),(1009,20,'CIUDAD IXTEPEC'),(1010,20,'COATECAS ALTAS'),(1011,20,'COICOYÁN DE LAS FLORES'),(1012,20,'LA COMPAÑÍA'),(1013,20,'CONCEPCIÓN BUENAVISTA'),(1014,20,'CONCEPCIÓN PÁPALO'),(1015,20,'CONSTANCIA DEL ROSARIO'),(1016,20,'COSOLAPA'),(1017,20,'COSOLTEPEC'),(1018,20,'CUILÁPAM DE GUERRERO'),(1019,20,'CUYAMECALCO VILLA DE ZARAGOZA'),(1020,20,'CHAHUITES'),(1021,20,'CHALCATONGO DE HIDALGO'),(1022,20,'CHIQUIHUITLÁN DE BENITO JUÁREZ'),(1023,20,'HEROICA CIUDAD DE EJUTLA DE CRESPO'),(1024,20,'ELOXOCHITLÁN DE FLORES MAGÓN'),(1025,20,'EL ESPINAL'),(1026,20,'TAMAZULÁPAM DEL ESPÍRITU SANTO'),(1027,20,'FRESNILLO DE TRUJANO'),(1028,20,'GUADALUPE ETLA'),(1029,20,'GUADALUPE DE RAMÍREZ'),(1030,20,'GUELATAO DE JUÁREZ'),(1031,20,'GUEVEA DE HUMBOLDT'),(1032,20,'MESONES HIDALGO'),(1033,20,'VILLA HIDALGO'),(1034,20,'HEROICA CIUDAD DE HUAJUAPAN DE LEÓN'),(1035,20,'HUAUTEPEC'),(1036,20,'HUAUTLA DE JIMÉNEZ'),(1037,20,'IXTLÁN DE JUÁREZ'),(1038,20,'HEROICA CIUDAD DE JUCHITÁN DE ZARAGOZA'),(1039,20,'LOMA BONITA'),(1040,20,'MAGDALENA APASCO'),(1041,20,'MAGDALENA JALTEPEC'),(1042,20,'SANTA MAGDALENA JICOTLÁN'),(1043,20,'MAGDALENA MIXTEPEC'),(1044,20,'MAGDALENA OCOTLÁN'),(1045,20,'MAGDALENA PEÑASCO'),(1046,20,'MAGDALENA TEITIPAC'),(1047,20,'MAGDALENA TEQUISISTLÁN'),(1048,20,'MAGDALENA TLACOTEPEC'),(1049,20,'MAGDALENA ZAHUATLÁN'),(1050,20,'MARISCALA DE JUÁREZ'),(1051,20,'MÁRTIRES DE TACUBAYA'),(1052,20,'MATÍAS ROMERO AVENDAÑO'),(1053,20,'MAZATLÁN VILLA DE FLORES'),(1054,20,'MIAHUATLÁN DE PORFIRIO DÍAZ'),(1055,20,'MIXISTLÁN DE LA REFORMA'),(1056,20,'MONJAS'),(1057,20,'NATIVIDAD'),(1058,20,'NAZARENO ETLA'),(1059,20,'NEJAPA DE MADERO'),(1060,20,'IXPANTEPEC NIEVES'),(1061,20,'SANTIAGO NILTEPEC'),(1062,20,'OAXACA DE JUÁREZ'),(1063,20,'OCOTLÁN DE MORELOS'),(1064,20,'LA PE'),(1065,20,'PINOTEPA DE DON LUIS'),(1066,20,'PLUMA HIDALGO'),(1067,20,'SAN JOSÉ DEL PROGRESO'),(1068,20,'PUTLA VILLA DE GUERRERO'),(1069,20,'SANTA CATARINA QUIOQUITANI'),(1070,20,'REFORMA DE PINEDA'),(1071,20,'LA REFORMA'),(1072,20,'REYES ETLA'),(1073,20,'ROJAS DE CUAUHTÉMOC'),(1074,20,'SALINA CRUZ'),(1075,20,'SAN AGUSTÍN AMATENGO'),(1076,20,'SAN AGUSTÍN ATENANGO'),(1077,20,'SAN AGUSTÍN CHAYUCO'),(1078,20,'SAN AGUSTÍN DE LAS JUNTAS'),(1079,20,'SAN AGUSTÍN ETLA'),(1080,20,'SAN AGUSTÍN LOXICHA'),(1081,20,'SAN AGUSTÍN TLACOTEPEC'),(1082,20,'SAN AGUSTÍN YATARENI'),(1083,20,'SAN ANDRÉS CABECERA NUEVA'),(1084,20,'SAN ANDRÉS DINICUITI'),(1085,20,'SAN ANDRÉS HUAXPALTEPEC'),(1086,20,'SAN ANDRÉS HUAYÁPAM'),(1087,20,'SAN ANDRÉS IXTLAHUACA'),(1088,20,'SAN ANDRÉS NUXIÑO'),(1089,20,'SAN ANDRÉS PAXTLÁN'),(1090,20,'SAN ANDRÉS SINAXTLA'),(1091,20,'SAN ANDRÉS SOLAGA'),(1092,20,'SAN ANDRÉS TEOTILÁLPAM'),(1093,20,'AHOSAN ANDRÉS TEPETLAPAME'),(1094,20,'SAN ANDRÉS YAÁ'),(1095,20,'SAN ANDRÉS ZABACHE'),(1096,20,'SAN ANDRÉS ZAUTLA'),(1097,20,'SAN ANTONINO CASTILLO VELASCO'),(1098,20,'SAN ANTONINO EL ALTO'),(1099,20,'SAN ANTONINO MONTE VERDE'),(1100,20,'SAN ANTONIO ACUTLA'),(1101,20,'SAN ANTONIO DE LA CAL'),(1102,20,'SAN ANTONIO HUITEPEC'),(1103,20,'SAN ANTONIO NANAHUATÍPAM'),(1104,20,'SAN ANTONIO SINICAHUA'),(1105,20,'SAN ANTONIO TEPETLAPA'),(1106,20,'SAN BALTAZAR CHICHICÁPAM'),(1107,20,'SAN BALTAZAR LOXICHA'),(1108,20,'SAN BALTAZAR YATZACHI EL BAJO'),(1109,20,'SAN BARTOLO COYOTEPEC'),(1110,20,'SAN BARTOLOMÉ AYAUTLA'),(1111,20,'SAN BARTOLOMÉ LOXICHA'),(1112,20,'SAN BARTOLOMÉ QUIALANA'),(1113,20,'SAN BARTOLOMÉ YUCUAÑE'),(1114,20,'SAN BARTOLOMÉ ZOOGOCHO'),(1115,20,'SAN BARTOLO SOYALTEPEC'),(1116,20,'SAN BARTOLO YAUTEPEC'),(1117,20,'SAN BERNARDO MIXTEPEC'),(1118,20,'SAN BLAS ATEMPA'),(1119,20,'SAN CARLOS YAUTEPEC'),(1120,20,'SAN CRISTÓBAL AMATLÁN'),(1121,20,'SAN CRISTÓBAL AMOLTEPEC'),(1122,20,'SAN CRISTÓBAL LACHIRIOAG'),(1123,20,'SAN CRISTÓBAL SUCHIXTLAHUACA'),(1124,20,'SAN DIONISIO DEL MAR'),(1125,20,'SAN DIONISIO OCOTEPEC'),(1126,20,'SAN DIONISIO OCOTLÁN'),(1127,20,'SAN ESTEBAN ATATLAHUCA'),(1128,20,'SAN FELIPE JALAPA DE DÍAZ'),(1129,20,'SAN FELIPE TEJALÁPAM'),(1130,20,'SAN FELIPE USILA'),(1131,20,'SAN FRANCISCO CAHUACUÁ'),(1132,20,'SAN FRANCISCO CAJONOS'),(1133,20,'SAN FRANCISCO CHAPULAPA'),(1134,20,'SAN FRANCISCO CHINDÚA'),(1135,20,'SAN FRANCISCO DEL MAR'),(1136,20,'SAN FRANCISCO HUEHUETLÁN'),(1137,20,'SAN FRANCISCO IXHUATÁN'),(1138,20,'SAN FRANCISCO JALTEPETONGO'),(1139,20,'SAN FRANCISCO LACHIGOLÓ'),(1140,20,'SAN FRANCISCO LOGUECHE'),(1141,20,'SAN FRANCISCO NUXAÑO'),(1142,20,'SAN FRANCISCO OZOLOTEPEC'),(1143,20,'SAN FRANCISCO SOLA'),(1144,20,'SAN FRANCISCO TELIXTLAHUACA'),(1145,20,'SAN FRANCISCO TEOPAN'),(1146,20,'SAN FRANCISCO TLAPANCINGO'),(1147,20,'SAN GABRIEL MIXTEPEC'),(1148,20,'SAN ILDEFONSO AMATLÁN'),(1149,20,'SAN ILDEFONSO SOLA'),(1150,20,'SAN ILDEFONSO VILLA ALTA'),(1151,20,'SAN JACINTO AMILPAS'),(1152,20,'SAN JACINTO TLACOTEPEC'),(1153,20,'SAN JERÓNIMO COATLÁN'),(1154,20,'SAN JERÓNIMO SILACAYOAPILLA'),(1155,20,'SAN JERÓNIMO SOSOLA'),(1156,20,'SAN JERÓNIMO TAVICHE'),(1157,20,'SAN JERÓNIMO TECÓATL'),(1158,20,'SAN JORGE NUCHITA'),(1159,20,'SAN JOSÉ AYUQUILA'),(1160,20,'SAN JOSÉ CHILTEPEC'),(1161,20,'SAN JOSÉ DEL PEÑASCO'),(1162,20,'SAN JOSÉ ESTANCIA GRANDE'),(1163,20,'SAN JOSÉ INDEPENDENCIA'),(1164,20,'SAN JOSÉ LACHIGUIRI'),(1165,20,'SAN JOSÉ TENANGO'),(1166,20,'SAN JUAN ACHIUTLA'),(1167,20,'SAN JUAN ATEPEC'),(1168,20,'ÁNIMAS TRUJANO'),(1169,20,'SAN JUAN BAUTISTA ATATLAHUCA'),(1170,20,'SAN JUAN BAUTISTA COIXTLAHUACA'),(1171,20,'SAN JUAN BAUTISTA CUICATLÁN'),(1172,20,'SAN JUAN BAUTISTA GUELACHE'),(1173,20,'SAN JUAN BAUTISTA JAYACATLÁN'),(1174,20,'SAN JUAN BAUTISTA LO DE SOTO'),(1175,20,'SAN JUAN BAUTISTA SUCHITEPEC'),(1176,20,'SAN JUAN BAUTISTA TLACOATZINTEPEC'),(1177,20,'SAN JUAN BAUTISTA TLACHICHILCO'),(1178,20,'SAN JUAN BAUTISTA TUXTEPEC'),(1179,20,'SAN JUAN CACAHUATEPEC'),(1180,20,'SAN JUAN CIENEGUILLA'),(1181,20,'SAN JUAN COATZÓSPAM'),(1182,20,'SAN JUAN COLORADO'),(1183,20,'SAN JUAN COMALTEPEC'),(1184,20,'SAN JUAN COTZOCÓN'),(1185,20,'SAN JUAN CHICOMEZÚCHIL'),(1186,20,'SAN JUAN CHILATECA'),(1187,20,'SAN JUAN DEL ESTADO'),(1188,20,'SAN JUAN DEL RÍO'),(1189,20,'SAN JUAN DIUXI'),(1190,20,'SAN JUAN EVANGELISTA ANALCO'),(1191,20,'SAN JUAN GUELAVÍA'),(1192,20,'SAN JUAN GUICHICOVI'),(1193,20,'SAN JUAN IHUALTEPEC'),(1194,20,'SAN JUAN JUQUILA MIXES'),(1195,20,'SAN JUAN JUQUILA VIJANOS'),(1196,20,'SAN JUAN LACHAO'),(1197,20,'SAN JUAN LACHIGALLA'),(1198,20,'SAN JUAN LAJARCIA'),(1199,20,'SAN JUAN LALANA'),(1200,20,'SAN JUAN DE LOS CUÉS'),(1201,20,'SAN JUAN MAZATLÁN'),(1202,20,'SAN JUAN MIXTEPEC'),(1203,20,'SAN JUAN MIXTEPEC'),(1204,20,'SAN JUAN ÑUMÍ'),(1205,20,'SAN JUAN OZOLOTEPEC'),(1206,20,'SAN JUAN PETLAPA'),(1207,20,'SAN JUAN QUIAHIJE'),(1208,20,'SAN JUAN QUIOTEPEC'),(1209,20,'SAN JUAN SAYULTEPEC'),(1210,20,'SAN JUAN TABAÁ'),(1211,20,'SAN JUAN TAMAZOLA'),(1212,20,'SAN JUAN TEITA'),(1213,20,'SAN JUAN TEITIPAC'),(1214,20,'SAN JUAN TEPEUXILA'),(1215,20,'SAN JUAN TEPOSCOLULA'),(1216,20,'SAN JUAN YAEÉ'),(1217,20,'SAN JUAN YATZONA'),(1218,20,'SAN JUAN YUCUITA'),(1219,20,'SAN LORENZO'),(1220,20,'SAN LORENZO ALBARRADAS'),(1221,20,'SAN LORENZO CACAOTEPEC'),(1222,20,'SAN LORENZO CUAUNECUILTITLA'),(1223,20,'SAN LORENZO TEXMELÚCAN'),(1224,20,'SAN LORENZO VICTORIA'),(1225,20,'SAN LUCAS CAMOTLÁN'),(1226,20,'SAN LUCAS OJITLÁN'),(1227,20,'SAN LUCAS QUIAVINÍ'),(1228,20,'SAN LUCAS ZOQUIÁPAM'),(1229,20,'SAN LUIS AMATLÁN'),(1230,20,'SAN MARCIAL OZOLOTEPEC'),(1231,20,'SAN MARCOS ARTEAGA'),(1232,20,'SAN MARTÍN DE LOS CANSECOS'),(1233,20,'SAN MARTÍN HUAMELÚLPAM'),(1234,20,'SAN MARTÍN ITUNYOSO'),(1235,20,'SAN MARTÍN LACHILÁ'),(1236,20,'SAN MARTÍN PERAS'),(1237,20,'SAN MARTÍN TILCAJETE'),(1238,20,'SAN MARTÍN TOXPALAN'),(1239,20,'SAN MARTÍN ZACATEPEC'),(1240,20,'SAN MATEO CAJONOS'),(1241,20,'CAPULÁLPAM DE MÉNDEZ'),(1242,20,'SAN MATEO DEL MAR'),(1243,20,'SAN MATEO YOLOXOCHITLÁN'),(1244,20,'SAN MATEO ETLATONGO'),(1245,20,'SAN MATEO NEJÁPAM'),(1246,20,'SAN MATEO PEÑASCO'),(1247,20,'SAN MATEO PIÑAS'),(1248,20,'SAN MATEO RÍO HONDO'),(1249,20,'SAN MATEO SINDIHUI'),(1250,20,'SAN MATEO TLAPILTEPEC'),(1251,20,'SAN MELCHOR BETAZA'),(1252,20,'SAN MIGUEL ACHIUTLA'),(1253,20,'SAN MIGUEL AHUEHUETITLÁN'),(1254,20,'SAN MIGUEL ALOÁPAM'),(1255,20,'SAN MIGUEL AMATITLÁN'),(1256,20,'SAN MIGUEL AMATLÁN'),(1257,20,'SAN MIGUEL COATLÁN'),(1258,20,'SAN MIGUEL CHICAHUA'),(1259,20,'SAN MIGUEL CHIMALAPA'),(1260,20,'SAN MIGUEL DEL PUERTO'),(1261,20,'SAN MIGUEL DEL RÍO'),(1262,20,'SAN MIGUEL EJUTLA'),(1263,20,'SAN MIGUEL EL GRANDE'),(1264,20,'SAN MIGUEL HUAUTLA'),(1265,20,'SAN MIGUEL MIXTEPEC'),(1266,20,'SAN MIGUEL PANIXTLAHUACA'),(1267,20,'SAN MIGUEL PERAS'),(1268,20,'SAN MIGUEL PIEDRAS'),(1269,20,'SAN MIGUEL QUETZALTEPEC'),(1270,20,'SAN MIGUEL SANTA FLOR'),(1271,20,'VILLA SOLA DE VEGA'),(1272,20,'SAN MIGUEL SOYALTEPEC'),(1273,20,'SAN MIGUEL SUCHIXTEPEC'),(1274,20,'VILLA TALEA DE CASTRO'),(1275,20,'SAN MIGUEL TECOMATLÁN'),(1276,20,'SAN MIGUEL TENANGO'),(1277,20,'SAN MIGUEL TEQUIXTEPEC'),(1278,20,'SAN MIGUEL TILQUIÁPAM'),(1279,20,'SAN MIGUEL TLACAMAMA'),(1280,20,'SAN MIGUEL TLACOTEPEC'),(1281,20,'SAN MIGUEL TULANCINGO'),(1282,20,'SAN MIGUEL YOTAO'),(1283,20,'SAN NICOLÁS'),(1284,20,'SAN NICOLÁS HIDALGO'),(1285,20,'SAN PABLO COATLÁN'),(1286,20,'SAN PABLO CUATRO VENADOS'),(1287,20,'AHOMESAN PABLO ETLA'),(1288,20,'SAN PABLO HUITZO'),(1289,20,'SAN PABLO HUIXTEPEC'),(1290,20,'SAN PABLO MACUILTIANGUIS'),(1291,20,'SAN PABLO TIJALTEPEC'),(1292,20,'SAN PABLO VILLA DE MITLA'),(1293,20,'SAN PABLO YAGANIZA'),(1294,20,'SAN PEDRO AMUZGOS'),(1295,20,'SAN PEDRO APÓSTOL'),(1296,20,'SAN PEDRO ATOYAC'),(1297,20,'SAN PEDRO CAJONOS'),(1298,20,'SAN PEDRO COXCALTEPEC CÁNTAROS'),(1299,20,'SAN PEDRO COMITANCILLO'),(1300,20,'SAN PEDRO EL ALTO'),(1301,20,'SAN PEDRO HUAMELULA'),(1302,20,'SAN PEDRO HUILOTEPEC'),(1303,20,'SAN PEDRO IXCATLÁN'),(1304,20,'SAN PEDRO IXTLAHUACA'),(1305,20,'SAN PEDRO JALTEPETONGO'),(1306,20,'SAN PEDRO JICAYÁN'),(1307,20,'SAN PEDRO JOCOTIPAC'),(1308,20,'SAN PEDRO JUCHATENGO'),(1309,20,'SAN PEDRO MÁRTIR'),(1310,20,'SAN PEDRO MÁRTIR QUIECHAPA'),(1311,20,'SAN PEDRO MÁRTIR YUCUXACO'),(1312,20,'SAN PEDRO MIXTEPEC'),(1313,20,'SAN PEDRO MOLINOS'),(1314,20,'SAN PEDRO NOPALA'),(1315,20,'SAN PEDRO OCOPETATILLO'),(1316,20,'SAN PEDRO OCOTEPEC'),(1317,20,'SAN PEDRO POCHUTLA'),(1318,20,'SAN PEDRO QUIATONI'),(1319,20,'SAN PEDRO SOCHIÁPAM'),(1320,20,'SAN PEDRO TAPANATEPEC'),(1321,20,'SAN PEDRO TAVICHE'),(1322,20,'SAN PEDRO TEOZACOALCO'),(1323,20,'SAN PEDRO TEUTILA'),(1324,20,'SAN PEDRO TIDAÁ'),(1325,20,'SAN PEDRO TOPILTEPEC'),(1326,20,'SAN PEDRO TOTOLÁPAM'),(1327,20,'VILLA DE TUTUTEPEC'),(1328,20,'SAN PEDRO YANERI'),(1329,20,'SAN PEDRO YÓLOX'),(1330,20,'SAN PEDRO Y SAN PABLO AYUTLA'),(1331,20,'VILLA DE ETLA'),(1332,20,'SAN PEDRO Y SAN PABLO TEPOSCOLULA'),(1333,20,'SAN PEDRO Y SAN PABLO TEQUIXTEPEC'),(1334,20,'SAN PEDRO YUCUNAMA'),(1335,20,'SAN RAYMUNDO JALPAN'),(1336,20,'SAN SEBASTIÁN ABASOLO'),(1337,20,'SAN SEBASTIÁN COATLÁN'),(1338,20,'SAN SEBASTIÁN IXCAPA'),(1339,20,'SAN SEBASTIÁN NICANANDUTA'),(1340,20,'SAN SEBASTIÁN RÍO HONDO'),(1341,20,'SAN SEBASTIÁN TECOMAXTLAHUACA'),(1342,20,'SAN SEBASTIÁN TEITIPAC'),(1343,20,'SAN SEBASTIÁN TUTLA'),(1344,20,'SAN SIMÓN ALMOLONGAS'),(1345,20,'SAN SIMÓN ZAHUATLÁN'),(1346,20,'SANTA ANA'),(1347,20,'SANTA ANA ATEIXTLAHUACA'),(1348,20,'SANTA ANA CUAUHTÉMOC'),(1349,20,'SANTA ANA DEL VALLE'),(1350,20,'SANTA ANA TAVELA'),(1351,20,'SANTA ANA TLAPACOYAN'),(1352,20,'SANTA ANA YARENI'),(1353,20,'SANTA ANA ZEGACHE'),(1354,20,'SANTA CATALINA QUIERÍ'),(1355,20,'SANTA CATARINA CUIXTLA'),(1356,20,'SANTA CATARINA IXTEPEJI'),(1357,20,'SANTA CATARINA JUQUILA'),(1358,20,'SANTA CATARINA LACHATAO'),(1359,20,'SANTA CATARINA LOXICHA'),(1360,20,'SANTA CATARINA MECHOACÁN'),(1361,20,'SANTA CATARINA MINAS'),(1362,20,'SANTA CATARINA QUIANÉ'),(1363,20,'SANTA CATARINA TAYATA'),(1364,20,'SANTA CATARINA TICUÁ'),(1365,20,'SANTA CATARINA YOSONOTÚ'),(1366,20,'SANTA CATARINA ZAPOQUILA'),(1367,20,'SANTA CRUZ ACATEPEC'),(1368,20,'SANTA CRUZ AMILPAS'),(1369,20,'SANTA CRUZ DE BRAVO'),(1370,20,'SANTA CRUZ ITUNDUJIA'),(1371,20,'SANTA CRUZ MIXTEPEC'),(1372,20,'SANTA CRUZ NUNDACO'),(1373,20,'SANTA CRUZ PAPALUTLA'),(1374,20,'SANTA CRUZ TACACHE DE MINA'),(1375,20,'SANTA CRUZ TACAHUA'),(1376,20,'SANTA CRUZ TAYATA'),(1377,20,'SANTA CRUZ XITLA'),(1378,20,'SANTA CRUZ XOXOCOTLÁN'),(1379,20,'SANTA CRUZ ZENZONTEPEC'),(1380,20,'SANTA GERTRUDIS'),(1381,20,'SANTA INÉS DEL MONTE'),(1382,20,'SANTA INÉS YATZECHE'),(1383,20,'SANTA LUCÍA DEL CAMINO'),(1384,20,'SANTA LUCÍA MIAHUATLÁN'),(1385,20,'SANTA LUCÍA MONTEVERDE'),(1386,20,'SANTA LUCÍA OCOTLÁN'),(1387,20,'SANTA MARÍA ALOTEPEC'),(1388,20,'SANTA MARÍA APAZCO'),(1389,20,'SANTA MARÍA LA ASUNCIÓN'),(1390,20,'HEROICA CIUDAD DE TLAXIACO'),(1391,20,'AYOQUEZCO DE ALDAMA'),(1392,20,'SANTA MARÍA ATZOMPA'),(1393,20,'SANTA MARÍA CAMOTLÁN'),(1394,20,'SANTA MARÍA COLOTEPEC'),(1395,20,'SANTA MARÍA CORTIJO'),(1396,20,'SANTA MARÍA COYOTEPEC'),(1397,20,'SANTA MARÍA CHACHOÁPAM'),(1398,20,'VILLA DE CHILAPA DE DÍAZ'),(1399,20,'SANTA MARÍA CHILCHOTLA'),(1400,20,'SANTA MARÍA CHIMALAPA'),(1401,20,'SANTA MARÍA DEL ROSARIO'),(1402,20,'SANTA MARÍA DEL TULE'),(1403,20,'SANTA MARÍA ECATEPEC'),(1404,20,'SANTA MARÍA GUELACÉ'),(1405,20,'SANTA MARÍA GUIENAGATI'),(1406,20,'SANTA MARÍA HUATULCO'),(1407,20,'SANTA MARÍA HUAZOLOTITLÁN'),(1408,20,'SANTA MARÍA IPALAPA'),(1409,20,'SANTA MARÍA IXCATLÁN'),(1410,20,'SANTA MARÍA JACATEPEC'),(1411,20,'SANTA MARÍA JALAPA DEL MARQUÉS'),(1412,20,'SANTA MARÍA JALTIANGUIS'),(1413,20,'SANTA MARÍA LACHIXÍO'),(1414,20,'SANTA MARÍA MIXTEQUILLA'),(1415,20,'SANTA MARÍA NATIVITAS'),(1416,20,'SANTA MARÍA NDUAYACO'),(1417,20,'SANTA MARÍA OZOLOTEPEC'),(1418,20,'SANTA MARÍA PÁPALO'),(1419,20,'SANTA MARÍA PEÑOLES'),(1420,20,'SANTA MARÍA PETAPA'),(1421,20,'SANTA MARÍA QUIEGOLANI'),(1422,20,'SANTA MARÍA SOLA'),(1423,20,'SANTA MARÍA TATALTEPEC'),(1424,20,'SANTA MARÍA TECOMAVACA'),(1425,20,'SANTA MARÍA TEMAXCALAPA'),(1426,20,'SANTA MARÍA TEMAXCALTEPEC'),(1427,20,'SANTA MARÍA TEOPOXCO'),(1428,20,'SANTA MARÍA TEPANTLALI'),(1429,20,'SANTA MARÍA TEXCATITLÁN'),(1430,20,'SANTA MARÍA TLAHUITOLTEPEC'),(1431,20,'SANTA MARÍA TLALIXTAC'),(1432,20,'SANTA MARÍA TONAMECA'),(1433,20,'SANTA MARÍA TOTOLAPILLA'),(1434,20,'SANTA MARÍA XADANI'),(1435,20,'SANTA MARÍA YALINA'),(1436,20,'SANTA MARÍA YAVESÍA'),(1437,20,'SANTA MARÍA YOLOTEPEC'),(1438,20,'SANTA MARÍA YOSOYÚA'),(1439,20,'SANTA MARÍA YUCUHITI'),(1440,20,'SANTA MARÍA ZACATEPEC'),(1441,20,'SANTA MARÍA ZANIZA'),(1442,20,'SANTA MARÍA ZOQUITLÁN'),(1443,20,'SANTIAGO AMOLTEPEC'),(1444,20,'SANTIAGO APOALA'),(1445,20,'SANTIAGO APÓSTOL'),(1446,20,'SANTIAGO ASTATA'),(1447,20,'SANTIAGO ATITLÁN'),(1448,20,'SANTIAGO AYUQUILILLA'),(1449,20,'SANTIAGO CACALOXTEPEC'),(1450,20,'SANTIAGO CAMOTLÁN'),(1451,20,'SANTIAGO COMALTEPEC'),(1452,20,'SANTIAGO CHAZUMBA'),(1453,20,'SANTIAGO CHOÁPAM'),(1454,20,'SANTIAGO DEL RÍO'),(1455,20,'SANTIAGO HUAJOLOTITLÁN'),(1456,20,'SANTIAGO HUAUCLILLA'),(1457,20,'SANTIAGO IHUITLÁN PLUMAS'),(1458,20,'SANTIAGO IXCUINTEPEC'),(1459,20,'SANTIAGO IXTAYUTLA'),(1460,20,'SANTIAGO JAMILTEPEC'),(1461,20,'SANTIAGO JOCOTEPEC'),(1462,20,'SANTIAGO JUXTLAHUACA'),(1463,20,'SANTIAGO LACHIGUIRI'),(1464,20,'SANTIAGO LALOPA'),(1465,20,'SANTIAGO LAOLLAGA'),(1466,20,'SANTIAGO LAXOPA'),(1467,20,'SANTIAGO LLANO GRANDE'),(1468,20,'SANTIAGO MATATLÁN'),(1469,20,'SANTIAGO MILTEPEC'),(1470,20,'SANTIAGO MINAS'),(1471,20,'SANTIAGO NACALTEPEC'),(1472,20,'SANTIAGO NEJAPILLA'),(1473,20,'SANTIAGO NUNDICHE'),(1474,20,'SANTIAGO NUYOÓ'),(1475,20,'SANTIAGO PINOTEPA NACIONAL'),(1476,20,'SANTIAGO SUCHILQUITONGO'),(1477,20,'SANTIAGO TAMAZOLA'),(1478,20,'SANTIAGO TAPEXTLA'),(1479,20,'VILLA TEJÚPAM DE LA UNIÓN'),(1480,20,'SANTIAGO TENANGO'),(1481,20,'SANTIAGO TEPETLAPA'),(1482,20,'SANTIAGO TETEPEC'),(1483,20,'SANTIAGO TEXCALCINGO'),(1484,20,'SANTIAGO TEXTITLÁN'),(1485,20,'SANTIAGO TILANTONGO'),(1486,20,'SANTIAGO TILLO'),(1487,20,'SANTIAGO TLAZOYALTEPEC'),(1488,20,'SANTIAGO XANICA'),(1489,20,'SANTIAGO XIACUÍ'),(1490,20,'SANTIAGO YAITEPEC'),(1491,20,'SANTIAGO YAVEO'),(1492,20,'SANTIAGO YOLOMÉCATL'),(1493,20,'SANTIAGO YOSONDÚA'),(1494,20,'SANTIAGO YUCUYACHI'),(1495,20,'SANTIAGO ZACATEPEC'),(1496,20,'SANTIAGO ZOOCHILA'),(1497,20,'NUEVO ZOQUIÁPAM'),(1498,20,'SANTO DOMINGO INGENIO'),(1499,20,'SANTO DOMINGO ALBARRADAS'),(1500,20,'SANTO DOMINGO ARMENTA'),(1501,20,'SANTO DOMINGO CHIHUITÁN'),(1502,20,'SANTO DOMINGO DE MORELOS'),(1503,20,'SANTO DOMINGO IXCATLÁN'),(1504,20,'SANTO DOMINGO NUXAÁ'),(1505,20,'SANTO DOMINGO OZOLOTEPEC'),(1506,20,'SANTO DOMINGO PETAPA'),(1507,20,'SANTO DOMINGO ROAYAGA'),(1508,20,'SANTO DOMINGO TEHUANTEPEC'),(1509,20,'SANTO DOMINGO TEOJOMULCO'),(1510,20,'SANTO DOMINGO TEPUXTEPEC'),(1511,20,'SANTO DOMINGO TLATAYÁPAM'),(1512,20,'SANTO DOMINGO TOMALTEPEC'),(1513,20,'SANTO DOMINGO TONALÁ'),(1514,20,'SANTO DOMINGO TONALTEPEC'),(1515,20,'SANTO DOMINGO XAGACÍA'),(1516,20,'SANTO DOMINGO YANHUITLÁN'),(1517,20,'SANTO DOMINGO YODOHINO'),(1518,20,'SANTO DOMINGO ZANATEPEC'),(1519,20,'SANTOS REYES NOPALA'),(1520,20,'SANTOS REYES PÁPALO'),(1521,20,'SANTOS REYES TEPEJILLO'),(1522,20,'SANTOS REYES YUCUNÁ'),(1523,20,'SANTO TOMÁS JALIEZA'),(1524,20,'SANTO TOMÁS MAZALTEPEC'),(1525,20,'SANTO TOMÁS OCOTEPEC'),(1526,20,'SANTO TOMÁS TAMAZULAPAN'),(1527,20,'SAN VICENTE COATLÁN'),(1528,20,'SAN VICENTE LACHIXÍO'),(1529,20,'SAN VICENTE NUÑÚ'),(1530,20,'SILACAYOÁPAM'),(1531,20,'SITIO DE XITLAPEHUA'),(1532,20,'SOLEDAD ETLA'),(1533,20,'VILLA DE TAMAZULÁPAM DEL PROGRESO'),(1534,20,'TANETZE DE ZARAGOZA'),(1535,20,'TANICHE'),(1536,20,'TATALTEPEC DE VALDÉS'),(1537,20,'TEOCOCUILCO DE MARCOS PÉREZ'),(1538,20,'TEOTITLÁN DE FLORES MAGÓN'),(1539,20,'TEOTITLÁN DEL VALLE'),(1540,20,'TEOTONGO'),(1541,20,'TEPELMEME VILLA DE MORELOS'),(1542,20,'VILLA TEZOATLÁN DE SEGURA Y LUNA'),(1543,20,'SAN JERÓNIMO TLACOCHAHUAYA'),(1544,20,'TLACOLULA DE MATAMOROS'),(1545,20,'TLACOTEPEC PLUMAS'),(1546,20,'TLALIXTAC DE CABRERA'),(1547,20,'TOTONTEPEC VILLA DE MORELOS'),(1548,20,'TRINIDAD ZAACHILA'),(1549,20,'LA TRINIDAD VISTA HERMOSA'),(1550,20,'UNIÓN HIDALGO'),(1551,20,'VALERIO TRUJANO'),(1552,20,'SAN JUAN BAUTISTA VALLE NACIONAL'),(1553,20,'VILLA DÍAZ ORDAZ'),(1554,20,'YAXE'),(1555,20,'MAGDALENA YODOCONO DE PORFIRIO DÍAZ'),(1556,20,'YOGANA'),(1557,20,'YUTANDUCHI DE GUERRERO'),(1558,20,'VILLA DE ZAACHILA'),(1559,20,'SAN MATEO YUCUTINDOO'),(1560,20,'ZAPOTITLÁN LAGUNAS'),(1561,20,'ZAPOTITLÁN PALMAS'),(1562,20,'SANTA INÉS DE ZARAGOZA'),(1563,20,'ZIMATLÁN DE ÁLVAREZ'),(1564,20,'AHOME'),(1565,20,'AHOME'),(1566,20,'AHOME'),(1567,20,'AHOME'),(1568,21,'ACAJETE'),(1569,21,'ACATENO'),(1570,21,'ACATLÁN'),(1571,21,'ACATZINGO'),(1572,21,'ACTEOPAN'),(1573,21,'AHUACATLÁN'),(1574,21,'AHUATLÁN'),(1575,21,'AHUAZOTEPEC'),(1576,21,'AHUEHUETITLA'),(1577,21,'AJALPAN'),(1578,21,'ALBINO ZERTUCHE'),(1579,21,'ALJOJUCA'),(1580,21,'ALTEPEXI'),(1581,21,'AMIXTLÁN'),(1582,21,'AMOZOC'),(1583,21,'AQUIXTLA'),(1584,21,'ATEMPAN'),(1585,21,'ATEXCAL'),(1586,21,'ATLIXCO'),(1587,21,'ATOYATEMPAN'),(1588,21,'ATZALA'),(1589,21,'ATZITZIHUACÁN'),(1590,21,'ATZITZINTLA'),(1591,21,'AXUTLA'),(1592,21,'AYOTOXCO DE GUERRERO'),(1593,21,'CALPAN'),(1594,21,'CALTEPEC'),(1595,21,'CAMOCUAUTLA'),(1596,21,'CAXHUACAN'),(1597,21,'COATEPEC'),(1598,21,'COATZINGO'),(1599,21,'COHETZALA'),(1600,21,'COHUECAN'),(1601,21,'CORONANGO'),(1602,21,'COXCATLÁN'),(1603,21,'COYOMEAPAN'),(1604,21,'COYOTEPEC'),(1605,21,'CUAPIAXTLA DE MADERO'),(1606,21,'CUAUTEMPAN'),(1607,21,'CUAUTINCHÁN'),(1608,21,'CUAUTLANCINGO'),(1609,21,'CUAYUCA DE ANDRADE'),(1610,22,'AMEALCO DE BONFIL'),(1611,22,'PINAL DE AMOLES'),(1612,22,'ARROYO SECO'),(1613,22,'CADEREYTA DE MONTES'),(1614,22,'COLÓN'),(1615,22,'CORREGIDORA'),(1616,22,'EZEQUIEL MONTES'),(1617,22,'HUIMILPAN'),(1618,22,'JALPAN DE SERRA'),(1619,22,'LANDA DE MATAMOROS'),(1620,22,'EL MARQUÉS'),(1621,22,'PEDRO ESCOBEDO'),(1622,22,'PEÑAMILLER'),(1623,22,'QUERÉTARO'),(1624,22,'SAN JOAQUÍN'),(1625,22,'SAN JUAN DEL RÍO'),(1626,22,'TEQUISQUIAPAN'),(1627,22,'TOLIMÁN'),(1628,23,'COZUMEL'),(1629,23,'FELIPE CARRILLO PUERTO'),(1630,23,'ISLA MUJERES'),(1631,23,'OTHÓN P. BLANCO'),(1632,23,'BENITO JUÁREZ'),(1633,23,'JOSÉ MARÍA MORELOS'),(1634,23,'LÁZARO CÁRDENAS'),(1635,23,'SOLIDARIDAD'),(1636,23,'TULUM'),(1637,23,'BACALAR'),(1638,23,'PUERTO MORELOS'),(1639,23,'SAN LUIS POTOSÍ'),(1640,23,'AHUALULCO'),(1641,23,'ALAQUINES'),(1642,23,'AQUISMÓN'),(1643,23,'ARMADILLO DE LOS INFANTE'),(1644,23,'CÁRDENAS'),(1645,23,'CATORCE'),(1646,23,'CEDRAL'),(1647,23,'CERRITOS'),(1648,23,'CERRO DE SAN PEDRO'),(1649,23,'CIUDAD DEL MAÍZ'),(1650,23,'CIUDAD FERNÁNDEZ'),(1651,23,'TANCANHUITZ'),(1652,23,'CIUDAD VALLES'),(1653,23,'COXCATLÁN'),(1654,23,'CHARCAS'),(1655,23,'EBANO'),(1656,23,'GUADALCÁZAR'),(1657,23,'HUEHUETLÁN'),(1658,23,'LAGUNILLAS'),(1659,23,'MATEHUALA'),(1660,23,'MEXQUITIC DE CARMONA'),(1661,23,'MOCTEZUMA'),(1662,23,'RAYÓN'),(1663,23,'RIOVERDE'),(1664,23,'SALINAS'),(1665,23,'SAN ANTONIO'),(1666,23,'SAN CIRO DE ACOSTA'),(1667,24,'SAN MARTÍN CHALCHICUAUTLA'),(1668,24,'SAN NICOLÁS TOLENTINO'),(1669,24,'SANTA CATARINA'),(1670,24,'SANTA MARÍA DEL RÍO'),(1671,24,'SANTO DOMINGO'),(1672,24,'SAN VICENTE TANCUAYALAB'),(1673,24,'SOLEDAD DE GRACIANO SÁNCHEZ'),(1674,24,'TAMASOPO'),(1675,24,'TAMAZUNCHALE'),(1676,24,'TAMPACÁN'),(1677,24,'TAMPAMOLÓN CORONA'),(1678,24,'TAMUÍN'),(1679,24,'TANLAJÁS'),(1680,24,'TANQUIÁN DE ESCOBEDO'),(1681,24,'TIERRA NUEVA'),(1682,24,'VANEGAS'),(1683,24,'VENADO'),(1684,24,'VILLA DE ARRIAGA'),(1685,24,'VILLA DE GUADALUPE'),(1686,24,'VILLA DE LA PAZ'),(1687,24,'VILLA DE RAMOS'),(1688,24,'VILLA DE REYES'),(1689,24,'VILLA HIDALGO'),(1690,24,'VILLA JUÁREZ'),(1691,24,'AXTLA DE TERRAZAS'),(1692,24,'XILITLA'),(1693,24,'ZARAGOZA'),(1694,24,'VILLA DE ARISTA'),(1695,24,'MATLAPA'),(1696,24,'EL NARANJO'),(1697,25,'AHOME'),(1698,25,'ANGOSTURA'),(1699,25,'BADIRAGUATO'),(1700,25,'CONCORDIA'),(1701,25,'COSALÁ'),(1702,25,'CULIACÁN'),(1703,25,'CHOIX'),(1704,25,'ELOTA'),(1705,25,'ESCUINAPA'),(1706,25,'EL FUERTE'),(1707,25,'GUASAVE'),(1708,25,'MAZATLÁN'),(1709,25,'MOCORITO'),(1710,25,'ROSARIO'),(1711,25,'SALVADOR ALVARADO'),(1712,25,'SAN IGNACIO'),(1713,25,'SINALOA'),(1714,25,'NAVOLATO'),(1715,26,'ACONCHI'),(1716,26,'AGUA PRIETA'),(1717,26,'ALAMOS'),(1718,26,'ARIVECHI'),(1719,26,'ARIZPE'),(1720,26,'ATIL'),(1721,26,'BACADÉHUACHI'),(1722,26,'BACANORA'),(1723,26,'BACERAC'),(1724,26,'BACOACHI'),(1725,26,'BÁCUM'),(1726,26,'BANÁMICHI'),(1727,26,'BAVIÁCORA'),(1728,26,'BAVISPE'),(1729,26,'BENJAMÍN HILL'),(1730,26,'CABORCA'),(1731,26,'CAJEME'),(1732,26,'CANANEA'),(1733,26,'CARBÓ'),(1734,26,'LA COLORADA'),(1735,26,'CUCURPE'),(1736,26,'CUMPAS'),(1737,26,'DIVISADEROS'),(1738,26,'EMPALME'),(1739,26,'ETCHOJOA'),(1740,26,'FRONTERAS'),(1741,26,'GRANADOS'),(1742,26,'GUAYMAS'),(1743,26,'HERMOSILLO'),(1744,26,'HUACHINERA'),(1745,26,'HUÁSABAS'),(1746,26,'HUATABAMPO'),(1747,26,'HUÉPAC'),(1748,26,'IMURIS'),(1749,26,'MAGDALENA'),(1750,26,'MAZATÁN'),(1751,26,'MOCTEZUMA'),(1752,26,'NACO'),(1753,26,'NÁCORI CHICO'),(1754,26,'NACOZARI DE GARCÍA'),(1755,26,'NAVOJOA'),(1756,26,'NOGALES'),(1757,26,'ONAVAS'),(1758,26,'OPODEPE'),(1759,26,'OQUITOA'),(1760,26,'PITIQUITO'),(1761,26,'PUERTO PEÑASCO'),(1762,26,'QUIRIEGO'),(1763,26,'RAYÓN'),(1764,26,'ROSARIO'),(1765,26,'SAHUARIPA'),(1766,26,'SAN FELIPE DE JESÚS'),(1767,26,'SAN JAVIER'),(1768,26,'SAN LUIS RÍO COLORADO'),(1769,26,'SAN MIGUEL DE HORCASITAS'),(1770,26,'SAN PEDRO DE LA CUEVA'),(1771,26,'SANTA ANA'),(1772,26,'SANTA CRUZ'),(1773,26,'SÁRIC'),(1774,26,'SOYOPA'),(1775,26,'SUAQUI GRANDE'),(1776,26,'TEPACHE'),(1777,26,'TRINCHERAS'),(1778,26,'TUBUTAMA'),(1779,26,'URES'),(1780,26,'VILLA HIDALGO'),(1781,26,'VILLA PESQUEIRA'),(1782,26,'YÉCORA'),(1783,26,'GENERAL PLUTARCO ELÍAS CALLES'),(1784,26,'BENITO JUÁREZ'),(1785,26,'SAN IGNACIO RÍO MUERTO'),(1786,27,'BALANCÁN'),(1787,27,'CÁRDENAS'),(1788,27,'CENTLA'),(1789,27,'CENTRO'),(1790,27,'COMALCALCO'),(1791,27,'CUNDUACÁN'),(1792,27,'EMILIANO ZAPATA'),(1793,27,'HUIMANGUILLO'),(1794,27,'JALAPA'),(1795,27,'JALPA DE MÉNDEZ'),(1796,27,'JONUTA'),(1797,27,'MACUSPANA'),(1798,27,'NACAJUCA'),(1799,27,'PARAÍSO'),(1800,27,'TACOTALPA'),(1801,27,'TEAPA'),(1802,27,'TENOSIQUE'),(1803,28,'ABASOLO'),(1804,28,'ALDAMA'),(1805,28,'ALTAMIRA'),(1806,28,'ANTIGUO MORELOS'),(1807,28,'BURGOS'),(1808,28,'BUSTAMANTE'),(1809,28,'CAMARGO'),(1810,28,'CASAS'),(1811,28,'CIUDAD MADERO'),(1812,28,'CRUILLAS'),(1813,28,'GÓMEZ FARÍAS'),(1814,28,'GONZÁLEZ'),(1815,28,'GÜÉMEZ'),(1816,28,'GUERRERO'),(1817,28,'GUSTAVO DÍAZ ORDAZ'),(1818,28,'HIDALGO'),(1819,28,'JAUMAVE'),(1820,28,'JIMÉNEZ'),(1821,28,'LLERA'),(1822,28,'MAINERO'),(1823,28,'EL MANTE'),(1824,28,'MATAMOROS'),(1825,28,'MÉNDEZ'),(1826,28,'MIER'),(1827,28,'MIGUEL ALEMÁN'),(1828,28,'MIQUIHUANA'),(1829,28,'NUEVO LAREDO'),(1830,28,'NUEVO MORELOS'),(1831,28,'OCAMPO'),(1832,28,'PADILLA'),(1833,28,'PALMILLAS'),(1834,28,'REYNOSA'),(1835,28,'RÍO BRAVO'),(1836,28,'SAN CARLOS'),(1837,28,'SAN FERNANDO'),(1838,28,'SAN NICOLÁS'),(1839,28,'SOTO LA MARINA'),(1840,28,'TAMPICO'),(1841,28,'TULA'),(1842,28,'VALLE HERMOSO'),(1843,28,'VICTORIA'),(1844,28,'VILLAGRÁN'),(1845,28,'XICOTÉNCATL'),(1846,29,'AMAXAC DE GUERRERO'),(1847,29,'APETATITLÁN DE ANTONIO CARVAJAL'),(1848,29,'ATLANGATEPEC'),(1849,29,'ATLTZAYANCA'),(1850,29,'APIZACO'),(1851,29,'CALPULALPAN'),(1852,29,'EL CARMEN TEQUEXQUITLA'),(1853,29,'CUAPIAXTLA'),(1854,29,'CUAXOMULCO'),(1855,29,'CHIAUTEMPAN'),(1856,29,'MUÑOZ DE DOMINGO ARENAS'),(1857,29,'ESPAÑITA'),(1858,29,'HUAMANTLA'),(1859,29,'HUEYOTLIPAN'),(1860,29,'IXTACUIXTLA DE MARIANO MATAMOROS'),(1861,29,'IXTENCO'),(1862,29,'MAZATECOCHCO DE JOSÉ MARÍA MORELOS'),(1863,29,'CONTLA DE JUAN CUAMATZI'),(1864,29,'TEPETITLA DE LARDIZÁBAL'),(1865,29,'SANCTÓRUM DE LÁZARO CÁRDENAS'),(1866,29,'NANACAMILPA DE MARIANO ARISTA'),(1867,29,'ACUAMANALA DE MIGUEL HIDALGO'),(1868,29,'NATÍVITAS'),(1869,29,'PANOTLA'),(1870,29,'SAN PABLO DEL MONTE'),(1871,29,'SANTA CRUZ TLAXCALA'),(1872,29,'TENANCINGO'),(1873,29,'TEOLOCHOLCO'),(1874,29,'TEPEYANCO'),(1875,29,'TERRENATE'),(1876,29,'TETLA DE LA SOLIDARIDAD'),(1877,29,'TETLATLAHUCA'),(1878,29,'TLAXCALA'),(1879,29,'TLAXCO'),(1880,29,'TOCATLÁN'),(1881,29,'TOTOLAC'),(1882,29,'ZILTLALTÉPEC DE TRINIDAD SÁNCHEZ SANTOS'),(1883,29,'TZOMPANTEPEC'),(1884,29,'XALOZTOC'),(1885,29,'XALTOCAN'),(1886,29,'PAPALOTLA DE XICOHTÉNCATL'),(1887,29,'XICOHTZINCO'),(1888,29,'YAUHQUEMEHCAN'),(1889,29,'ZACATELCO'),(1890,29,'BENITO JUÁREZ'),(1891,29,'EMILIANO ZAPATA'),(1892,29,'LÁZARO CÁRDENAS'),(1893,29,'LA MAGDALENA TLALTELULCO'),(1894,29,'SAN DAMIÁN TEXÓLOC'),(1895,29,'SAN FRANCISCO TETLANOHCAN'),(1896,29,'SAN JERÓNIMO ZACUALPAN'),(1897,29,'SAN JOSÉ TEACALCO'),(1898,29,'SAN JUAN HUACTZINCO'),(1899,29,'SAN LORENZO AXOCOMANITLA'),(1900,29,'SAN LUCAS TECOPILCO'),(1901,29,'SANTA ANA NOPALUCAN'),(1902,29,'SANTA APOLONIA TEACALCO'),(1903,29,'SANTA CATARINA AYOMETLA'),(1904,29,'SANTA CRUZ QUILEHTLA'),(1905,29,'SANTA ISABEL XILOXOXTLA'),(1906,30,'ACAJETE'),(1907,30,'ACATLÁN'),(1908,30,'ACAYUCAN'),(1909,30,'ACTOPAN'),(1910,30,'ACULA'),(1911,30,'ACULTZINGO'),(1912,30,'CAMARÓN DE TEJEDA'),(1913,30,'ALPATLÁHUAC'),(1914,30,'ALTO LUCERO DE GUTIÉRREZ BARRIOS'),(1915,30,'ALTOTONGA'),(1916,30,'ALVARADO'),(1917,30,'AMATITLÁN'),(1918,30,'NARANJOS AMATLÁN'),(1919,30,'AMATLÁN DE LOS REYES'),(1920,30,'ANGEL R. CABADA'),(1921,30,'LA ANTIGUA'),(1922,30,'APAZAPAN'),(1923,30,'AQUILA'),(1924,30,'ASTACINGA'),(1925,30,'ATLAHUILCO'),(1926,30,'ATOYAC'),(1927,30,'ATZACAN'),(1928,30,'TLALTETELA'),(1929,30,'AYAHUALULCO'),(1930,30,'BANDERILLA'),(1931,30,'BENITO JUÁREZ'),(1932,30,'BOCA DEL RÍO'),(1933,30,'CALCAHUALCO'),(1934,30,'CAMERINO Z. MENDOZA'),(1935,30,'CARRILLO PUERTO'),(1936,30,'CATEMACO'),(1937,30,'CAZONES DE HERRERA'),(1938,30,'CERRO AZUL'),(1939,30,'CITLALTÉPETL'),(1940,30,'COACOATZINTLA'),(1941,30,'COAHUITLÁN'),(1942,30,'COATEPEC'),(1943,30,'COATZACOALCOS'),(1944,30,'COATZINTLA'),(1945,30,'COETZALA'),(1946,30,'COLIPA'),(1947,30,'COMAPA'),(1948,30,'CÓRDOBA'),(1949,30,'COSAMALOAPAN DE CARPIO'),(1950,30,'COSAUTLÁN DE CARVAJAL'),(1951,30,'COSCOMATEPEC'),(1952,30,'COSOLEACAQUE'),(1953,30,'COTAXTLA'),(1954,30,'COXQUIHUI'),(1955,30,'COYUTLA'),(1956,30,'CUICHAPA'),(1957,30,'CUITLÁHUAC'),(1958,30,'CHACALTIANGUIS'),(1959,30,'CHALMA'),(1960,30,'CHICONAMEL'),(1961,30,'CHICONQUIACO'),(1962,30,'CHICONTEPEC'),(1963,30,'CHINAMECA'),(1964,30,'CHINAMPA DE GOROSTIZA'),(1965,30,'LAS CHOAPAS'),(1966,30,'CHOCAMÁN'),(1967,30,'CHONTLA'),(1968,30,'CHUMATLÁN'),(1969,30,'EMILIANO ZAPATA'),(1970,30,'ESPINAL'),(1971,30,'FILOMENO MATA'),(1972,30,'FORTÍN'),(1973,30,'GUTIÉRREZ ZAMORA'),(1974,30,'HIDALGOTITLÁN'),(1975,30,'HUATUSCO'),(1976,30,'HUAYACOCOTLA'),(1977,30,'HUEYAPAN DE OCAMPO'),(1978,30,'HUILOAPAN DE CUAUHTÉMOC'),(1979,30,'IGNACIO DE LA LLAVE'),(1980,30,'ILAMATLÁN'),(1981,30,'ISLA'),(1982,30,'IXCATEPEC'),(1983,30,'IXHUACÁN DE LOS REYES'),(1984,30,'IXHUATLÁN DEL CAFÉ'),(1985,30,'IXHUATLANCILLO'),(1986,30,'IXHUATLÁN DEL SURESTE'),(1987,30,'IXHUATLÁN DE MADERO'),(1988,30,'IXMATLAHUACAN'),(1989,30,'IXTACZOQUITLÁN'),(1990,30,'JALACINGO'),(1991,30,'XALAPA'),(1992,30,'JALCOMULCO'),(1993,30,'JÁLTIPAN'),(1994,30,'JAMAPA'),(1995,30,'JESÚS CARRANZA'),(1996,30,'XICO'),(1997,30,'JILOTEPEC'),(1998,30,'JUAN RODRÍGUEZ CLARA'),(1999,30,'JUCHIQUE DE FERRER'),(2000,30,'LANDERO Y COSS'),(2001,30,'LERDO DE TEJADA'),(2002,30,'MAGDALENA'),(2003,30,'MALTRATA'),(2004,30,'MANLIO FABIO ALTAMIRANO'),(2005,30,'MARIANO ESCOBEDO'),(2006,30,'MARTÍNEZ DE LA TORRE'),(2007,30,'MECAYAPAN'),(2008,30,'MEDELLÍN DE BRAVO'),(2009,30,'MIAHUATLÁN'),(2010,30,'LAS MINAS'),(2011,30,'MINATITLÁN'),(2012,30,'MISANTLA'),(2013,30,'MIXTLA DE ALTAMIRANO'),(2014,30,'MOLOACÁN'),(2015,30,'NAOLINCO'),(2016,30,'NARANJAL'),(2017,30,'NAUTLA'),(2018,30,'NOGALES'),(2019,30,'OLUTA'),(2020,30,'OMEALCA'),(2021,30,'ORIZABA'),(2022,30,'OTATITLÁN'),(2023,30,'OTEAPAN'),(2024,30,'OZULUAMA DE MASCAREÑAS'),(2025,30,'PAJAPAN'),(2026,30,'PÁNUCO'),(2027,30,'PAPANTLA'),(2028,30,'PASO DEL MACHO'),(2029,30,'PASO DE OVEJAS'),(2030,30,'LA PERLA'),(2031,30,'PEROTE'),(2032,30,'PLATÓN SÁNCHEZ'),(2033,30,'PLAYA VICENTE'),(2034,30,'POZA RICA DE HIDALGO'),(2035,30,'LAS VIGAS DE RAMÍREZ'),(2036,30,'PUEBLO VIEJO'),(2037,30,'PUENTE NACIONAL'),(2038,30,'RAFAEL DELGADO'),(2039,30,'RAFAEL LUCIO'),(2040,30,'LOS REYES'),(2041,30,'RÍO BLANCO'),(2042,30,'SALTABARRANCA'),(2043,30,'SAN ANDRÉS TENEJAPAN'),(2044,30,'SAN ANDRÉS TUXTLA'),(2045,30,'SAN JUAN EVANGELISTA'),(2046,30,'SANTIAGO TUXTLA'),(2047,30,'SAYULA DE ALEMÁN'),(2048,30,'SOCONUSCO'),(2049,30,'SOCHIAPA'),(2050,30,'SOLEDAD ATZOMPA'),(2051,30,'SOLEDAD DE DOBLADO'),(2052,30,'SOTEAPAN'),(2053,30,'TAMALÍN'),(2054,30,'TAMIAHUA'),(2055,30,'TAMPICO ALTO'),(2056,30,'TANCOCO'),(2057,30,'TANTIMA'),(2058,30,'TANTOYUCA'),(2059,30,'TATATILA'),(2060,30,'CASTILLO DE TEAYO'),(2061,30,'TECOLUTLA'),(2062,30,'TEHUIPANGO'),(2063,30,'ÁLAMO TEMAPACHE'),(2064,30,'TEMPOAL'),(2065,30,'TENAMPA'),(2066,30,'TENOCHTITLÁN'),(2067,30,'TEOCELO'),(2068,30,'TEPATLAXCO'),(2069,30,'TEPETLÁN'),(2070,30,'TEPETZINTLA'),(2071,30,'TEQUILA'),(2072,30,'JOSÉ AZUETA'),(2073,30,'TEXCATEPEC'),(2074,30,'TEXHUACÁN'),(2075,30,'TEXISTEPEC'),(2076,30,'TEZONAPA'),(2077,30,'TIERRA BLANCA'),(2078,30,'TIHUATLÁN'),(2079,30,'TLACOJALPAN'),(2080,30,'TLACOLULAN'),(2081,30,'TLACOTALPAN'),(2082,30,'TLACOTEPEC DE MEJÍA'),(2083,30,'TLACHICHILCO'),(2084,30,'TLALIXCOYAN'),(2085,30,'TLALNELHUAYOCAN'),(2086,30,'TLAPACOYAN'),(2087,30,'TLAQUILPA'),(2088,30,'TLILAPAN'),(2089,30,'TOMATLÁN'),(2090,30,'TONAYÁN'),(2091,30,'TOTUTLA'),(2092,30,'TUXPAN'),(2093,30,'TUXTILLA'),(2094,30,'URSULO GALVÁN'),(2095,30,'VEGA DE ALATORRE'),(2096,30,'VERACRUZ'),(2097,30,'VILLA ALDAMA'),(2098,30,'XOXOCOTLA'),(2099,30,'YANGA'),(2100,30,'YECUATLA'),(2101,30,'ZACUALPAN'),(2102,30,'ZARAGOZA'),(2103,30,'ZENTLA'),(2104,30,'ZONGOLICA'),(2105,30,'ZONTECOMATLÁN DE LÓPEZ Y FUENTES'),(2106,30,'ZOZOCOLCO DE HIDALGO'),(2107,30,'AGUA DULCE'),(2108,30,'EL HIGO'),(2109,30,'NANCHITAL DE LÁZARO CÁRDENAS DEL RÍO'),(2110,30,'TRES VALLES'),(2111,30,'CARLOS A. CARRILLO'),(2112,30,'TATAHUICAPAN DE JUÁREZ'),(2113,30,'UXPANAPA'),(2114,30,'SAN RAFAEL'),(2115,30,'SANTIAGO SOCHIAPAN'),(2116,31,'ABALÁ'),(2117,31,'ACANCEH'),(2118,31,'AKIL'),(2119,31,'BACA'),(2120,31,'BOKOBÁ'),(2121,31,'BUCTZOTZ'),(2122,31,'CACALCHÉN'),(2123,31,'CALOTMUL'),(2124,31,'CANSAHCAB'),(2125,31,'CANTAMAYEC'),(2126,31,'CELESTÚN'),(2127,31,'CENOTILLO'),(2128,31,'CONKAL'),(2129,31,'CUNCUNUL'),(2130,31,'CUZAMÁ'),(2131,31,'CHACSINKÍN'),(2132,31,'CHANKOM'),(2133,31,'CHAPAB'),(2134,31,'CHEMAX'),(2135,31,'CHICXULUB PUEBLO'),(2136,31,'CHICHIMILÁ'),(2137,31,'CHIKINDZONOT'),(2138,31,'CHOCHOLÁ'),(2139,31,'CHUMAYEL'),(2140,31,'DZÁN'),(2141,31,'DZEMUL'),(2142,31,'DZIDZANTÚN'),(2143,31,'DZILAM DE BRAVO'),(2144,31,'DZILAM GONZÁLEZ'),(2145,31,'DZITÁS'),(2146,31,'DZONCAUICH'),(2147,31,'ESPITA'),(2148,31,'HALACHÓ'),(2149,31,'HOCABÁ'),(2150,31,'HOCTÚN'),(2151,31,'HOMÚN'),(2152,31,'HUHÍ'),(2153,31,'HUNUCMÁ'),(2154,31,'IXIL'),(2155,31,'IZAMAL'),(2156,31,'KANASÍN'),(2157,31,'KANTUNIL'),(2158,31,'KAUA'),(2159,31,'KINCHIL'),(2160,31,'KOPOMÁ'),(2161,31,'MAMA'),(2162,31,'MANÍ'),(2163,31,'MAXCANÚ'),(2164,31,'MAYAPÁN'),(2165,31,'MÉRIDA'),(2166,31,'MOCOCHÁ'),(2167,31,'MOTUL'),(2168,31,'MUNA'),(2169,31,'MUXUPIP'),(2170,31,'OPICHÉN'),(2171,31,'OXKUTZCAB'),(2172,31,'PANABÁ'),(2173,31,'PETO'),(2174,31,'PROGRESO'),(2175,31,'QUINTANA ROO'),(2176,31,'RÍO LAGARTOS'),(2177,31,'SACALUM'),(2178,31,'SAMAHIL'),(2179,31,'SANAHCAT'),(2180,31,'SAN FELIPE'),(2181,31,'SANTA ELENA'),(2182,31,'SEYÉ'),(2183,31,'SINANCHÉ'),(2184,31,'SOTUTA'),(2185,31,'SUCILÁ'),(2186,31,'SUDZAL'),(2187,31,'SUMA'),(2188,31,'TAHDZIÚ'),(2189,31,'TAHMEK'),(2190,31,'TEABO'),(2191,31,'TECOH'),(2192,31,'TEKAL DE VENEGAS'),(2193,31,'TEKANTÓ'),(2194,31,'TEKAX'),(2195,31,'TEKIT'),(2196,31,'TEKOM'),(2197,31,'TELCHAC PUEBLO'),(2198,31,'TELCHAC PUERTO'),(2199,31,'TEMAX'),(2200,31,'TEMOZÓN'),(2201,31,'TEPAKÁN'),(2202,31,'TETIZ'),(2203,31,'TEYA'),(2204,31,'TICUL'),(2205,31,'TIMUCUY'),(2206,31,'TINUM'),(2207,31,'TIXCACALCUPUL'),(2208,31,'TIXKOKOB'),(2209,31,'TIXMEHUAC'),(2210,31,'TIXPÉHUAL'),(2211,31,'TIZIMÍN'),(2212,31,'TUNKÁS'),(2213,31,'TZUCACAB'),(2214,31,'UAYMA'),(2215,31,'UCÚ'),(2216,31,'UMÁN'),(2217,31,'VALLADOLID'),(2218,31,'XOCCHEL'),(2219,31,'YAXCABÁ'),(2220,31,'YAXKUKUL'),(2221,31,'YOBAÍN'),(2222,32,'APOZOL'),(2223,32,'APULCO'),(2224,32,'ATOLINGA'),(2225,32,'BENITO JUÁREZ'),(2226,32,'CALERA'),(2227,32,'CAÑITAS DE FELIPE PESCADOR'),(2228,32,'CONCEPCIÓN DEL ORO'),(2229,32,'CUAUHTÉMOC'),(2230,32,'CHALCHIHUITES'),(2231,32,'FRESNILLO'),(2232,32,'TRINIDAD GARCÍA DE LA CADENA'),(2233,32,'GENARO CODINA'),(2234,32,'GENERAL ENRIQUE ESTRADA'),(2235,32,'GENERAL FRANCISCO R. MURGUÍA'),(2236,32,'EL PLATEADO DE JOAQUÍN AMARO'),(2237,32,'GENERAL PÁNFILO NATERA'),(2238,32,'GUADALUPE'),(2239,32,'HUANUSCO'),(2240,32,'JALPA'),(2241,32,'JEREZ'),(2242,32,'JIMÉNEZ DEL TEUL'),(2243,32,'JUAN ALDAMA'),(2244,32,'JUCHIPILA'),(2245,32,'LORETO'),(2246,32,'LUIS MOYA'),(2247,32,'MAZAPIL'),(2248,32,'MELCHOR OCAMPO'),(2249,32,'MEZQUITAL DEL ORO'),(2250,32,'MIGUEL AUZA'),(2251,32,'MONTE ESCOBEDO'),(2252,32,'MORELOS'),(2253,32,'MOYAHUA DE ESTRADA'),(2254,32,'NOCHISTLÁN DE MEJÍA'),(2255,32,'NORIA DE ÁNGELES'),(2256,32,'OJOCALIENTE'),(2257,32,'PÁNUCO'),(2258,32,'PINOS'),(2259,32,'RÍO GRANDE'),(2260,32,'SAIN ALTO'),(2261,32,'EL SALVADOR'),(2262,32,'SOMBRERETE'),(2263,32,'SUSTICACÁN'),(2264,32,'TABASCO'),(2265,32,'TEPECHITLÁN'),(2266,32,'TEPETONGO'),(2267,32,'TEÚL DE GONZÁLEZ ORTEGA'),(2268,32,'TLALTENANGO DE SÁNCHEZ ROMÁN'),(2269,32,'VALPARAÍSO'),(2270,32,'VETAGRANDE'),(2271,32,'VILLA DE COS'),(2272,32,'VILLA GARCÍA'),(2273,32,'VILLA GONZÁLEZ ORTEGA'),(2274,32,'VILLA HIDALGO'),(2275,32,'VILLANUEVA'),(2276,32,'ZACATECAS'),(2277,32,'TRANCOSO'),(2278,32,'SANTA MARÍA DE LA PAZ');
/*!40000 ALTER TABLE `municipios` ENABLE KEYS */;
UNLOCK TABLES;

--
-- Table structure for table `ofertas`
--

DROP TABLE IF EXISTS `ofertas`;
/*!40101 SET @saved_cs_client     = @@character_set_client */;
 SET character_set_client = utf8mb4 ;
CREATE TABLE `ofertas` (
  `id_oferta` int(11) NOT NULL AUTO_INCREMENT,
  `perfil` varchar(60) NOT NULL,
  `Carrera` varchar(45) NOT NULL,
  `sueldo` varchar(80) DEFAULT NULL,
  `solicito` text NOT NULL,
  `requisitos` text NOT NULL,
  `actividades` text NOT NULL,
  `email` varchar(40) NOT NULL,
  PRIMARY KEY (`id_oferta`),
  KEY `email` (`email`),
  CONSTRAINT `ofertas_ibfk_1` FOREIGN KEY (`email`) REFERENCES `empresas` (`email`)
) ENGINE=InnoDB AUTO_INCREMENT=17 DEFAULT CHARSET=utf8mb4 COLLATE=utf8mb4_0900_ai_ci;
/*!40101 SET character_set_client = @saved_cs_client */;

--
-- Dumping data for table `ofertas`
--

LOCK TABLES `ofertas` WRITE;
/*!40000 ALTER TABLE `ofertas` DISABLE KEYS */;
INSERT INTO `ofertas` VALUES (7,'Electrónica','Electrónica','$2,400 - $4,300','Ingeniero electrónico','- Que sepa hacer circuitos\n- Que sepa programar PLCs','- Revisar y armar circuitos\n- Fabricas circuitos impresos','cecytem16@edu.mx'),(8,'Gastronomico','Gastronomia','$ 2,200 - 3,700','Gastronomo ultimo semestre de la licenciatura','- Que sepa hacer pozolillo\n- Que sepa hacer corundillas','- Hacer banquetes\n- Organizar fiestas','empresa@empresa.com'),(9,'dsdfsfdsd','Industrial','','fewrqeqewr','ereerqewrreqw','erewqrrerqrewr','empresa@empresa.com'),(10,'ddjsdjk','Industrial','2,300','ddssdddsdd','sddssdsdddsds','ddfdfsdsdffdfds','empresa@empresa.com'),(12,'aaaaaaaaaaaaaaaaa','Sistemas Automotrices','$2,500 - $3,200','sddsddsdddsd','avfdhgghgfhgfhfg','hgfghfghgffghhdfrttr','empresa@empresa.com');
/*!40000 ALTER TABLE `ofertas` ENABLE KEYS */;
UNLOCK TABLES;

--
-- Table structure for table `usuarios`
--

DROP TABLE IF EXISTS `usuarios`;
/*!40101 SET @saved_cs_client     = @@character_set_client */;
 SET character_set_client = utf8mb4 ;
CREATE TABLE `usuarios` (
  `id_usuario` int(11) NOT NULL AUTO_INCREMENT,
  `email` varchar(40) NOT NULL,
  `_password` varchar(40) NOT NULL,
  `tipo_usuario` enum('Empresa','Administrador') DEFAULT NULL,
  PRIMARY KEY (`id_usuario`),
  UNIQUE KEY `email_UNIQUE` (`email`)
) ENGINE=InnoDB AUTO_INCREMENT=147 DEFAULT CHARSET=utf8mb4 COLLATE=utf8mb4_0900_ai_ci;
/*!40101 SET character_set_client = @saved_cs_client */;

--
-- Dumping data for table `usuarios`
--

LOCK TABLES `usuarios` WRITE;
/*!40000 ALTER TABLE `usuarios` DISABLE KEYS */;
INSERT INTO `usuarios` VALUES (1,'implanmoroleon@gmail.com','350ef029102de77070cabf021e16377f4ff2ef6d','Empresa'),(2,'francisco.riveragomez@aam.com','12345Ea*','Empresa'),(3,'a_polo@live.com.mx','12345Ea*','Empresa'),(4,'planeacion@uriangato.gob.mx','12345Ea*','Empresa'),(5,'confeciones_aztk@hotmail.com','12345Ea*','Empresa'),(6,'rmvilla@blitzsoftware.com','12345Ea*','Empresa'),(7,'contacto@cpcerano.com.mx','12345Ea*','Empresa'),(8,'casaparra_pipilamoroleon@hotmail.com','12345Ea*','Empresa'),(9,'cbta_san_nicolas@yahoo.com','12345Ea*','Empresa'),(10,'datospersonales@coparmexmich.org.mx','12345Ea*','Empresa'),(11,' contacto@clustertim.com.mx','12345Ea*','Empresa'),(12,'soluciones@contel.com.mx','12345Ea*','Empresa'),(13,'info@controlmecanicodigital.com','12345Ea*','Empresa'),(14,'noticiadeultimamoda@prodigy.ne','12345Ea*','Empresa'),(15,' drencmexico@dr-enc.com.mx','12345Ea*','Empresa'),(16,' durr.mexico@durr.com.mx','12345Ea*','Empresa'),(17,'administracion@entornosoamin.com','12345Ea*','Empresa'),(18,'leon@pochteca.com.mx','12345Ea*','Empresa'),(19,'atencion@eppqro.com','12345Ea*','Empresa'),(20,'fixier@hotmail.com','12345Ea*','Empresa'),(21,'contactofriocima@gmail.com','12345Ea*','Empresa'),(22,'recursos.humanos@gasomich.com.mx','12345Ea*','Empresa'),(23,'ventas@tejidosgaytan.com','12345Ea*','Empresa'),(24,'contacto@gfcom.mx','12345Ea*','Empresa'),(25,'lorena.campos@gkndriveline.com','12345Ea*','Empresa'),(26,'ventas@gorillazlt.com.mx','12345Ea*','Empresa'),(27,'ventas@grupoinfinity.com','12345Ea*','Empresa'),(28,'contacto@hotelstadium.com.mx','12345Ea*','Empresa'),(29,'reservaciones@bwplusmorelia.com.mx','12345Ea*','Empresa'),(30,'reservaciones@qualitel.com.mx','12345Ea*','Empresa'),(31,'info@infowaresc.com','12345Ea*','Empresa'),(32,'difusion@itmorelia.edu.mx','12345Ea*','Empresa'),(33,'marosas@itess.edu.mx','12345Ea*','Empresa'),(34,'ivon.corona@jaguarlabs.com','12345Ea*','Empresa'),(35,'contacto@jardinesdelaeternidad.com.mx','12345Ea*','Empresa'),(36,'ventas@jmtorpar.com, sales@jmtorpar.com','12345Ea*','Empresa'),(37,'info@kspg.com','12345Ea*','Empresa'),(38,'contacto@ksp.com.mx','12345Ea*','Empresa'),(39,'gjacobo@mapartel.com.mx','12345Ea*','Empresa'),(40,'fvaca@marbran.com.mx','12345Ea*','Empresa'),(41,'mfcbarcenass@guanajuato.gob.mx','12345Ea*','Empresa'),(42,'ventas@onavitt.com.mx','12345Ea*','Empresa'),(43,'info@e-openroad.com','12345Ea*','Empresa'),(44,'ccenter@team.com','12345Ea*','Empresa'),(45,'hola@orderly.mx','12345Ea*','Empresa'),(46,'luis.avila@partnerinplantsolutions.com','12345Ea*','Empresa'),(47,'gcastro@reyma.com.mx','12345Ea*','Empresa'),(48,'yesenia.becerra@prettl.com','12345Ea*','Empresa'),(49,'ventaspriscila90@gmail.com','12345Ea*','Empresa'),(50,'sales@radarind.com','12345Ea*','Empresa'),(51,'contacto@realcomm.mx','12345Ea*','Empresa'),(52,'contacto@redmax.me','12345Ea*','Empresa'),(53,'miguel.ornelas@semarnat.gob.mx','12345Ea*','Empresa'),(54,'luz@startupmexico.com','12345Ea*','Empresa'),(55,'ventas@taltere.com','12345Ea*','Empresa'),(56,'paulettegrabrielle@hotmail.com','12345Ea*','Empresa'),(57,'info.tejiendo.web@gmail.com','12345Ea*','Empresa'),(58,'yoxwifimex@gmail.com','12345Ea*','Empresa'),(59,'pc.magc@gmail.com','12345Ea*','Empresa'),(60,'directivoyurirense@gmail.com','12345Ea*','Empresa'),(61,'javiersl@morpheusdss.com','12345Ea*','Empresa'),(62,'nurian.flores@e-openroad.com','12345Ea*','Empresa'),(63,'inotex02@gmail.com','12345Ea*','Empresa'),(64,'hola@cactus-labs.com','12345Ea*','Empresa'),(65,'capital.humano@e-infoware.com','12345Ea*','Empresa'),(66,'y.rivera@kostal.com','12345Ea*','Empresa'),(67,'manuel.belmonte@contel.com.mx','12345Ea*','Empresa'),(68,'veronica_mena@seg.guanajuato.gob.mx','12345Ea*','Empresa'),(70,'gerardo@geraware.com','12345Ea*','Empresa'),(72,'admin@admin.com','350ef029102de77070cabf021e16377f4ff2ef6d','Administrador'),(73,'cecytem16@edu.mx','350ef029102de77070cabf021e16377f4ff2ef6d','Empresa'),(74,'empresa@empresa.com','2230adbb256f247dbcac7d0354992894efed8da7','Empresa'),(76,'prueba1@gmail.com','350ef029102de77070cabf021e16377f4ff2ef6d','Empresa'),(77,'aa@a.aa','350ef029102de77070cabf021e16377f4ff2ef6d','Empresa'),(78,'patito03@gmail.com','350ef029102de77070cabf021e16377f4ff2ef6d','Empresa'),(79,'a@a.aa','350ef029102de77070cabf021e16377f4ff2ef6d','Empresa'),(140,'pedro@pedro.pp','350ef029102de77070cabf021e16377f4ff2ef6d','Empresa'),(143,'pedro@pedro.pped','350ef029102de77070cabf021e16377f4ff2ef6d','Empresa'),(145,'castro@cas.com','350ef029102de77070cabf021e16377f4ff2ef6d','Empresa'),(146,'arturillo@gmail.com','350ef029102de77070cabf021e16377f4ff2ef6d','Empresa');
/*!40000 ALTER TABLE `usuarios` ENABLE KEYS */;
UNLOCK TABLES;

--
-- Dumping routines for database 'residentes_itsur'
--
/*!40103 SET TIME_ZONE=@OLD_TIME_ZONE */;

/*!40101 SET SQL_MODE=@OLD_SQL_MODE */;
/*!40014 SET FOREIGN_KEY_CHECKS=@OLD_FOREIGN_KEY_CHECKS */;
/*!40014 SET UNIQUE_CHECKS=@OLD_UNIQUE_CHECKS */;
/*!40101 SET CHARACTER_SET_CLIENT=@OLD_CHARACTER_SET_CLIENT */;
/*!40101 SET CHARACTER_SET_RESULTS=@OLD_CHARACTER_SET_RESULTS */;
/*!40101 SET COLLATION_CONNECTION=@OLD_COLLATION_CONNECTION */;
/*!40111 SET SQL_NOTES=@OLD_SQL_NOTES */;

-- Dump completed on 2020-05-29 14:45:12
